ID,Tytuł polski,Tytuł oryginalny,Rok produkcji,Ulubione,Ocena,Komentarz,Kraj produkcji,Gatunek,Data
810167,Joker,,2019,,7,,"Kanada, USA","Dramat, Kryminał, Akcja",2019-10-11
796158,"Podły, okrutny, zły","Extremely Wicked, Shockingly Evil and Vile",2019,,6,,USA,"Biograficzny, Kryminał, Thriller",2019-10-6
753119,Prosta historia o morderstwie,,2016,,3,,Polska,"Kryminał, Thriller",2019-10-5
797600,"Ciemno, prawie noc",,2019,,2,,Polska,"Kryminał, Thriller",2019-10-5
460220,Wyznania zakupoholiczki,Confessions of a Shopaholic,2009,,3,,USA,Komedia rom.,2019-10-4
825221,W cieniu księżyca,In the Shadow of the Moon,2019,,5,,USA,"Thriller, Sci-Fi",2019-10-2
830386,The Wolf Hour,,2019,,4,,"USA, Wielka Brytania",Thriller,2019-10-2
824402,Ma,,2019,,4,,USA,Horror,2019-9-30
838822,Between Two Ferns: Film,Between Two Ferns: The Movie,2019,,6,,USA,Komedia,2019-9-24
807159,Słodki koniec dnia,,2019,,5,,Polska,Dramat,2019-9-24
785552,X-Men: Mroczna Phoenix,Dark Phoenix,2019,,6,,USA,"Akcja, Sci-Fi",2019-9-22
786702,Król polki,The Polka King,2017,,6,,USA,Komedia,2019-9-22
118439,Dick i Jane: Niezły ubaw,Fun with Dick and Jane,2005,,6,,USA,Komedia kryminalna,2019-9-17
812781,Śmierć nadejdzie dziś 2,Happy Death Day 2U,2019,,6,,USA,"Horror, Komedia",2019-9-16
774799,Ingrid wyrusza na zachód,Ingrid Goes West,2017,,6,,USA,"Dramat, Komedia",2019-9-15
30907,Jay i Cichy Bob kontratakują,Jay and Silent Bob Strike Back,2001,,7,,USA,Komedia,2019-9-15
793838,To: Rozdział 2,It: Chapter Two,2019,,6,,"Kanada, USA",Horror,2019-9-11
782923,Zły Samarytanin,Bad Samaritan,2018,,5,,USA,Thriller,2019-8-29
811261,Greta,,2018,,4,,"Irlandia, USA",Thriller,2019-8-26
720753,Godzilla II: Król potworów,Godzilla: King of the Monsters,2019,,2,,"Japonia, USA","Akcja, Sci-Fi",2019-8-26
37,Desperatki,Set It Off,1996,,6,,USA,"Dramat, Sensacyjny, Thriller",2019-8-24
800273,Projekt Koliber,The Hummingbird Project,2018,,5,,Kanada,Thriller,2019-8-21
796540,Bajecznie bogaci Azjaci,Crazy Rich Asians,2018,,4,,USA,Komedia,2019-8-15
88838,Kaliber 45,.45,2006,,3,,USA,"Dramat, Thriller",2019-8-15
790359,Hellboy,,2019,,5,,"USA, Wielka Brytania, Bułgaria","Fantasy, Akcja",2019-8-14
794201,Piercing,,2018,,3,,USA,Thriller,2019-8-12
416984,The Hurt Locker. W pułapce wojny,The Hurt Locker,2008,,7,,USA,"Dramat, Wojenny",2019-8-8
7967,Na fali,Point Break,1991,,7,,USA,Sensacyjny,2019-8-8
209978,Zabójstwo Jesse'ego Jamesa przez tchórzliwego Roberta Forda,The Assassination of Jesse James by the Coward Robert Ford,2007,,7,,"Kanada, USA, Wielka Brytania","Biograficzny, Dramat, Western",2019-8-5
795456,Clara,,2018,,5,,"Kanada, USA","Romans, Sci-Fi",2019-8-5
804145,Styks,Styx,2018,,5,,"Austria, Niemcy",Dramat,2019-8-5
773277,Pusty i głupi gest,A Futile and Stupid Gesture,2018,,5,,USA,"Biograficzny, Komedia",2019-8-2
797588,Przedszkolanka,The Kindergarten Teacher,2018,,7,,USA,Dramat,2019-8-1
835700,Syn,El hijo,2019,,6,,Argentyna,Thriller,2019-7-30
785625,Kin. Zabójcza broń,Kin,2018,,6,,USA,"Akcja, Sci-Fi",2019-7-30
570380,Kupiliśmy zoo,We Bought a Zoo,2011,,6,,USA,"Dramat, Komedia",2019-7-28
794194,W deszczowy dzień w Nowym Jorku,A Rainy Day in New York,2019,,8,,USA,Komedia,2019-7-28
322665,Człowiek z Ziemi,The Man from Earth,2007,,5,,USA,"Dramat, Sci-Fi",2019-7-28
186910,Smętarz dla zwierzaków,Pet Sematary,2019,,3,,USA,Horror,2019-7-15
789869,Spider-Man: Daleko od domu,Spider-Man: Far From Home,2019,,6,,USA,"Akcja, Sci-Fi",2019-7-14
712663,Advantageous,,2015,,4,,USA,"Dramat, Sci-Fi",2019-6-23
816982,To my,Us,2019,,6,,"Chiny, Japonia, USA",Thriller,2019-6-22
740813,Outsiderka,The Bad Batch,2016,,5,,USA,Dramat,2019-6-22
829669,Jestem matką,I Am Mother,2019,,4,,Australia,"Thriller, Sci-Fi",2019-6-20
794622,Przykładny obywatel,Cold Pursuit,2019,,3,,Wielka Brytania,"Dramat, Akcja",2019-6-20
792243,Mój piękny syn,Beautiful Boy,2018,,6,,USA,Dramat,2019-5-25
118261,Mean Creek,,2004,,5,,USA,"Dramat, Kryminał",2019-5-24
792556,John Wick 3,John Wick: Chapter 3 - Parabellum,2019,,7,,USA,"Thriller, Akcja",2019-5-20
785673,Kochanek idealny,Zoe,2018,,4,,USA,Romans,2019-5-13
790542,Avengers: Koniec gry,Avengers: Endgame,2019,,5,,USA,"Akcja, Sci-Fi",2019-5-7
766067,Dobry sąsiad,The Good Neighbor,2016,,6,,USA,Thriller,2019-5-4
790925,Oblicze mroku,Look Away,2018,,6,,USA,Thriller,2019-5-4
817829,Mroczne miejsce,Steel Country,2018,,6,,Wielka Brytania,Thriller,2019-4-30
805279,Fatamorgana,Durante la tormenta,2018,,3,,Hiszpania,"Thriller, Sci-Fi",2019-4-17
827674,Cisza,The Silence,2019,,4,,"Niemcy, USA",Horror,2019-4-15
799883,Wakacje,Holiday,2018,,3,,"Dania, Holandia, Szwecja","Dramat, Kryminał",2019-4-15
809563,Hawaje,Hawaii,2017,,5,,Rumunia,Dramat,2019-4-7
723206,Elle,,2016,,4,,"Belgia, Francja, Niemcy",Thriller,2019-4-6
740144,Iniemamocni 2,Incredibles 2,2018,,7,,USA,"Animacja, Przygodowy",2019-4-5
780590,Siedem dni,Entebbe,2018,,4,,"USA, Wielka Brytania","Dramat, Kryminał, Thriller",2019-4-5
560560,Potrójna granica,Triple Frontier,2019,,2,,USA,Kryminał,2019-4-5
808437,Przemytnik,The Mule,2018,,4,,USA,"Dramat, Kryminał",2019-4-3
800436,Przynęta,Serenity,2018,,2,,USA,Thriller,2019-4-2
724409,Sejf,The Vault,2017,,3,,USA,Horror,2019-3-31
824632,The Highwaymen,,2019,,6,,USA,Kryminał,2019-3-31
803018,Odwet,Reprisal,2018,,3,,"USA, Wielka Brytania",Akcja,2019-3-28
787094,Rockaway,,2017,,5,,USA,Dramat,2019-3-25
760045,Kot Bob i ja,A Street Cat Named Bob,2016,,6,,Wielka Brytania,"Biograficzny, Dramat, Komedia",2019-3-25
4236,Próba sił,Bless the Child,2000,,6,,"Niemcy, USA","Horror, Religijny",2019-3-25
756160,Faworyta,The Favourite,2018,,5,,"Irlandia, USA, Wielka Brytania","Biograficzny, Historyczny",2019-3-24
811263,Oskarżona,Acusada,2018,,7,,"Argentyna, Meksyk","Kryminał, Thriller",2019-3-24
714149,Han Solo: Gwiezdne wojny - historie,Solo: A Star Wars Story,2018,,4,,USA,"Przygodowy, Sci-Fi",2019-3-22
737374,Arizona,,2018,,7,,USA,Komedia,2019-3-20
678278,Po wypadku,After,2012,,5,,USA,Horror,2019-3-19
781969,Tragedy Girls,,2017,,5,,USA,"Horror, Komedia",2019-3-19
601499,Wstyd,Shame,2011,,5,,Wielka Brytania,Dramat,2019-3-16
433913,2012,,2009,,5,,"Kanada, USA","Sci-Fi, Katastroficzny",2019-3-16
804174,Niebieski ptak w moim sercu,A Bluebird in My Heart,2018,,7,,Francja,Dramat,2019-3-15
806243,Rysa na ścianie,Las grietas de Jara,2017,,3,,"Argentyna, Hiszpania",Thriller,2019-3-14
253995,21,,2008,,5,,USA,Kryminał,2019-3-14
744026,Zachowaj spokój,Please Stand By,2017,,6,,USA,"Dramat, Komedia",2019-3-13
118195,Trudne słówka,Spanglish,2004,,6,,USA,"Dramat, Komedia, Romans",2019-3-13
757712,Powiązania,Entanglement,2017,,6,,Kanada,"Dramat, Komedia, Romans",2019-3-13
797361,Zwierzęta Ameryki,American Animals,2018,,7,,USA,"Dramat, Kryminał",2019-3-13
726490,Kapitan Marvel,Captain Marvel,2019,,5,,"Australia, USA","Akcja, Sci-Fi",2019-3-10
5846,Gliniarz,Cop,1988,,5,,USA,"Dramat, Kryminał, Thriller",2019-3-9
771870,Zniknięcie Sidneya Halla,Sidney Hall,2017,,6,,USA,Dramat,2019-3-9
11843,Wściekłe psy,Reservoir Dogs,1992,,brak oceny,,USA,"Thriller, Gangsterski",2019-3-9
258442,Red Road,,2006,,5,,"Dania, Wielka Brytania",Dramat,2019-3-8
806360,SuperFly,,2018,,4,,USA,"Kryminał, Thriller, Akcja",2019-3-5
465839,Śmierć nadejdzie dziś,Happy Death Day,2017,,4,,USA,Horror,2019-3-3
775006,Tajemnice Silver Lake,Under the Silver Lake,2018,,4,,USA,Kryminał,2019-3-2
752098,Wciąż cię widzę,I Still See You,2018,,5,,USA,Thriller,2019-2-12
809630,Green Book,,2018,,7,,USA,"Dramat, Komedia",2019-2-11
775228,Nigdy cię tu nie było,You Were Never Really Here,2017,,5,,"Francja, USA, Wielka Brytania","Dramat, Thriller",2019-2-10
807561,Czarne bractwo. BlacKkKlansman,BlacKkKlansman,2018,,5,,USA,"Biograficzny, Dramat, Kryminał",2019-2-10
782196,Pierwszy człowiek,First Man,2018,,5,,"Japonia, USA","Biograficzny, Dramat",2019-2-10
10746,Obietnica,The Pledge,2001,,7,,USA,"Dramat, Kryminał",2019-2-9
820784,Wysokie loty,High Flying Bird,2019,,5,,USA,"Dramat, Sportowy",2019-2-9
808691,Velvet Buzzsaw,,2019,,4,,USA,Horror,2019-2-7
549085,Aquaman,,2018,,5,,"Australia, USA","Akcja, Sci-Fi",2019-2-4
31419,Helikopter w ogniu,Black Hawk Down,2001,,7,,"USA, Wielka Brytania","Dramat, Wojenny",2019-2-3
759367,Moonlight,,2016,,7,,USA,Dramat,2019-2-2
1458,2001: Odyseja kosmiczna,2001: A Space Odyssey,1968,,9,,"USA, Wielka Brytania",Sci-Fi,2019-2-2
818016,Czarne lustro: Bandersnatch,Black Mirror: Bandersnatch,2018,,5,,"USA, Wielka Brytania","Thriller, Sci-Fi",2019-2-2
798782,Glass,,2019,,5,,USA,Thriller,2019-2-2
619201,Bohemian Rhapsody,,2018,,8,,"USA, Wielka Brytania","Biograficzny, Dramat, Muzyczny",2019-2-2
743233,Spider-Man Uniwersum,Spider-Man: Into the Spider-Verse,2018,,8,,USA,"Animacja, Familijny, Akcja",2019-2-2
816986,IO,,2019,,3,,USA,Sci-Fi,2019-1-24
119043,Autostopem przez galaktykę,The Hitchhiker's Guide to the Galaxy,2005,,6,,"USA, Wielka Brytania","Komedia, Przygodowy, Sci-Fi",2019-1-23
74,Joe Black,Meet Joe Black,1998,,3,,USA,"Fantasy, Melodramat",2019-1-1
505949,Rozpruci na śmierć,The Happytime Murders,2018,,5,,USA,Komedia kryminalna,2018-12-30
794051,Szybki jak śmierć,Speed Kills,2018,,3,,USA,"Biograficzny, Thriller",2018-12-29
611085,Tożsamość nieznana,ID:A,2011,,4,,Dania,Thriller,2018-12-28
810908,Gracze,Joueurs,2018,,3,,Francja,Dramat,2018-12-28
785869,Ucieczka,The Escape,2017,,5,,Wielka Brytania,Dramat,2018-12-27
726369,Nie otwieraj oczu,Bird Box,2018,,5,,USA,"Thriller, Sci-Fi",2018-12-25
703619,Sprawa Lucii de B,Lucia de B.,2014,,6,,Holandia,"Thriller, Psychologiczny",2018-12-14
786216,Eskorta,Mile 22,2018,,4,,USA,Akcja,2018-12-14
742783,Widzę tylko ciebie,All I See Is You,2016,,5,,"USA, Tajlandia",Thriller,2018-12-13
3928,Arlington Road,,1999,,6,,USA,"Dramat, Thriller",2018-12-12
519906,Venom,,2018,,6,,"Chiny, USA","Akcja, Sci-Fi",2018-12-2
803615,Creed II,,2018,,7,,USA,"Dramat, Sportowy",2018-12-2
639711,Moja kolacja z Herve,My Dinner with Hervé,2018,,7,,USA,"Biograficzny, Dramat",2018-12-2
763013,Przysięga,Eiðurinn,2016,,7,,Islandia,"Thriller, Psychologiczny",2018-12-2
662836,Siedmiu wspaniałych,The Magnificent Seven,2016,,5,,USA,Western,2018-12-1
739951,Skok stulecia,Den of Thieves,2018,,7,,USA,Sensacyjny,2018-11-30
31210,"Człowiek, którego nie było",The Man Who Wasn't There,2001,,7,,"USA, Wielka Brytania","Dramat, Kryminał",2018-11-24
730791,Embers,,2015,,7,,"Polska, USA",Sci-Fi,2018-11-24
765538,Hostiles,,2017,,4,,USA,"Dramat, Western",2018-11-22
325418,Thor,,2011,,7,,USA,"Fantasy, Przygodowy",2018-11-16
430428,Surogaci,Surrogates,2009,,7,,USA,"Thriller, Sci-Fi",2018-11-15
792197,Pororoca,,2017,,7,,"Francja, Rumunia",Dramat,2018-11-14
721,Zakochana złośnica,10 Things I Hate About You,1999,,7,,USA,"Komedia, Dla młodzieży",2018-11-13
500232,Greenberg,,2010,,5,,USA,"Dramat, Komedia, Romans",2018-11-13
757751,Zanurzeni,Submergence,2017,,2,,"Francja, Hiszpania, Niemcy, USA","Melodramat, Thriller",2018-11-7
791088,Berek,Tag,2018,,6,,USA,Komedia,2018-10-22
779305,To przychodzi po zmroku,It Comes at Night,2017,,7,,USA,Horror,2018-10-21
778875,Hotel Artemis,,2018,,5,,"USA, Wielka Brytania","Thriller, Akcja, Sci-Fi",2018-10-17
755620,Ant-Man i Osa,Ant-Man and the Wasp,2018,,5,,"USA, Wielka Brytania","Akcja, Sci-Fi",2018-10-11
796568,Akt przemocy,Acts of Violence,2018,,3,,Kanada,"Dramat, Akcja",2018-10-11
214369,Duchy Goi,Goya's Ghosts,2006,,7,,"Hiszpania, USA","Biograficzny, Dramat, Kostiumowy",2018-10-10
496780,Ostatnia przystań,The Last Harbor,2010,,2,,USA,Thriller,2018-10-10
793882,Powstrzymać mrok,Hold the Dark,2018,,brak oceny,,USA,Thriller,2018-10-8
375721,Miasto złodziei,The Town,2010,,7,,USA,"Dramat, Kryminał",2018-10-7
746246,The Meg,,2018,,6,,"Chiny, USA","Horror, Akcja, Sci-Fi",2018-9-26
776171,Sicario 2: Soldado,Sicario: Day of the Soldado,2018,,7,,USA,"Thriller, Akcja",2018-9-26
10029,Obława,Takedown,2000,,7,,USA,"Thriller, Akcja",2018-9-24
37335,Wyścig z czasem,Out of Time,2003,,5,,USA,"Kryminał, Thriller",2018-9-24
802930,Dziedzictwo. Hereditary,Hereditary,2018,,6,,USA,"Dramat, Horror",2018-9-24
608065,Wywiad rodzinny,R.I.F. (Recherche dans l'Intérêt des Familles),2011,,6,,Francja,Thriller,2018-9-24
723027,Predator,The Predator,2018,,6,,"Kanada, USA","Akcja, Sci-Fi",2018-9-24
760272,mother!,Mother!,2017,,7,,USA,Horror,2018-9-24
119659,Wszyscy ludzie króla,All the King's Men,2006,,7,,"Niemcy, USA","Dramat, Thriller, Polityczny",2018-9-22
713866,Dziewczyny śmierci,The Final Girls,2015,,6,,USA,"Horror, Komedia",2018-9-22
1476,Święty dym,Holy Smoke,1999,,3,,"Australia, USA","Dramat obyczajowy, Psychologiczny",2018-9-22
322874,Transfer,Rendition,2007,,7,,USA,"Dramat, Thriller",2018-9-21
780203,Ostateczna rozgrywka,Final Score,2018,,5,,Wielka Brytania,Akcja,2018-9-20
734586,Bez litości 2,The Equalizer 2,2018,,7,,USA,"Thriller, Akcja",2018-9-18
782853,Welcome the Stranger,,2018,,3,,USA,Dramat,2018-9-16
796891,Dziewczyna we mgle,La ragazza nella nebbia,2017,,7,,"Francja, Niemcy, Włochy","Kryminał, Thriller",2018-9-16
757444,Ocean's 8,,2018,,4,,USA,Komedia kryminalna,2018-9-14
546975,127 godzin,127 Hours,2010,,6,,"USA, Wielka Brytania",Dramat,2018-9-13
491321,Blitz,,2011,,4,,"Francja, USA, Wielka Brytania","Kryminał, Thriller",2018-9-12
782021,Bliźnięta,Gemini,2017,,5,,USA,Thriller,2018-9-12
7971,Na krawędzi,Cliffhanger,1993,,5,,"Francja, USA, Włochy","Przygodowy, Thriller",2018-9-10
807151,UFO,,2018,,6,,USA,"Thriller, Sci-Fi",2018-9-5
631256,Rozłączeni,Disconnect,2012,,5,,USA,"Dramat, Thriller",2018-9-4
781685,Sweet Virginia,,2017,,4,,"Kanada, USA","Dramat, Thriller",2018-9-4
788644,41 dni nadziei,Adrift,2018,,4,,"Hongkong, Islandia, USA",Dramat,2018-9-3
688373,Początek,I Origins,2014,,3,,USA,"Dramat, Sci-Fi",2018-8-31
673091,Anomalisa,,2015,,6,,"USA, Wielka Brytania","Animacja, Dramat, Komedia",2018-8-29
760429,Deadpool 2,,2018,,7,,USA,"Komedia, Akcja, Sci-Fi",2018-8-27
789211,Skradziona córka,Separated at Birth,2018,,5,,Kanada,Thriller,2018-8-27
772700,Najlepszy,,2017,,6,,Polska,"Biograficzny, Obyczajowy, Sportowy",2018-8-15
443610,Niepowstrzymany,Unstoppable,2010,,7,,USA,"Thriller, Akcja",2018-8-13
740757,Gold,,2016,,6,,USA,"Dramat, Przygodowy",2018-8-12
786296,1922,,2017,,4,,USA,"Dramat, Thriller",2018-8-12
503386,Pomniejszenie,Downsizing,2017,,5,,USA,"Dramat, Komedia, Sci-Fi",2018-8-12
781007,Blok 99,Brawl in Cell Block 99,2017,,6,,USA,"Kryminał, Thriller, Akcja",2018-8-11
807467,Zemsta,Revenge,2017,,4,,"Belgia, Francja","Thriller, Akcja",2018-8-11
5206,Droga przez piekło,U Turn,1997,,7,,"Francja, USA","Dramat, Kryminał, Thriller",2018-8-7
121935,Przez ciemne zwierciadło,A Scanner Darkly,2006,,7,,USA,"Animacja, Thriller, Sci-Fi",2018-8-6
776170,Tully,,2018,,6,,USA,"Dramat, Komedia",2018-8-5
796010,Salut 7,Salyut-7,2017,,6,,Rosja,Dramat,2018-8-5
995,Terminator,The Terminator,1984,,6,,"USA, Wielka Brytania","Akcja, Sci-Fi",2018-8-4
706026,Syndrom berliński,Berlin Syndrome,2017,,6,,Australia,Thriller,2018-8-3
774747,Gra o wszystko,Molly's Game,2017,,5,,USA,"Biograficzny, Dramat",2018-7-28
682170,W głowie się nie mieści,Inside Out,2015,,7,,USA,"Animacja, Komedia",2018-7-24
802898,Niepoczytalna,Unsane,2018,,5,,USA,Thriller,2018-7-9
616664,Kroniki lombardu,Pawn Shop Chronicles,2013,,4,,USA,"Dramat, Komedia",2018-6-26
782287,Ogary miłości,Hounds of Love,2016,,5,,Australia,Kryminał,2018-6-21
754958,Cudzoziemiec,The Foreigner,2017,,6,,"Chiny, USA, Wielka Brytania","Thriller, Akcja",2018-6-12
757545,Zanim odejdę,Before I Fall,2017,,4,,USA,Dramat,2018-6-10
767751,Przebudzenie dusz,Ghost Stories,2017,,6,,Wielka Brytania,Horror,2018-6-10
758909,Jurassic World: Upadłe królestwo,Jurassic World: Fallen Kingdom,2018,,5,,USA,"Przygodowy, Sci-Fi",2018-6-10
757913,Wieczór gier,Game Night,2018,,5,,USA,Komedia,2018-6-7
792452,Wszystkie pieniądze świata,All the Money in the World,2017,,3,,"USA, Wielka Brytania",Thriller,2018-6-6
112697,451° Fahrenheita,Fahrenheit 451,2018,,3,,USA,"Dramat, Sci-Fi",2018-5-22
803161,Ładunek,Cargo,2017,,6,,Australia,Thriller,2018-5-19
719245,Umysł przestępcy,Criminal,2016,,5,,"USA, Wielka Brytania","Dramat, Kryminał, Akcja",2018-5-19
931,28 dni,28 days,2000,,6,,USA,Dramat,2018-5-19
768105,Ghostland,,2018,,8,,"Francja, Kanada",Horror,2018-5-17
795912,Ciche miejsce,A Quiet Place,2018,,7,,USA,"Horror, Sci-Fi",2018-5-17
765124,Mama i tata,Mom and Dad,2017,,4,,USA,Horror,2018-5-15
766688,Życzenie śmierci,Death Wish,2018,,5,,USA,Sensacyjny,2018-5-14
787686,M jak morderca,Hangman,2017,,2,,USA,"Kryminał, Thriller",2018-5-14
746114,Morderstwo w Orient Expressie,Murder on the Orient Express,2017,,3,,"Francja, Kanada, Nowa Zelandia, USA, Wielka Brytania, Malta",Kryminał,2018-5-8
763618,Anon,,2018,,3,,Niemcy,"Thriller, Sci-Fi",2018-5-7
670711,Czasy ostateczne: Pozostawieni,Left Behind,2014,,4,,USA,"Thriller, Akcja, Sci-Fi",2018-5-7
544699,Taśmy Watykanu,The Vatican Tapes,2015,,4,,USA,Horror,2018-5-1
560109,Pasażer,The Commuter,2018,,6,,"USA, Wielka Brytania",Thriller,2018-4-29
690820,Pokot,,2017,,5,,"Czechy, Niemcy, Polska, Szwecja, Słowacja","Dramat, Kryminał",2018-4-16
790309,Cicha noc,,2017,,8,,Polska,"Dramat, Komedia",2018-4-16
1466,Lara Croft: Tomb Raider,,2001,,5,,"Japonia, Niemcy, USA, Wielka Brytania",Przygodowy,2018-4-10
34196,Lara Croft Tomb Raider: Kolebka życia,Lara Croft Tomb Raider: The Cradle of Life,2003,,5,,"Japonia, Niemcy, USA, Wielka Brytania",Przygodowy,2018-4-10
4596,Obywatel X,Citizen X,1995,,7,,USA,Thriller,2018-4-8
557479,Tomb Raider,,2018,,3,,"USA, Wielka Brytania",Przygodowy,2018-4-8
275064,Tulipanowa gorączka,Tulip Fever,2017,,3,,"USA, Wielka Brytania","Kostiumowy, Melodramat",2018-4-2
762864,Lady Bird,,2017,,5,,USA,"Dramat, Komedia",2018-4-2
755619,The Titan,,2018,,4,,"Hiszpania, USA, Wielka Brytania",Sci-Fi,2018-4-2
562677,Punkt zwrotny,The Ledge,2011,,3,,"Niemcy, USA, Arabia Saudyjska","Dramat, Thriller",2018-4-2
627942,Anna,,2013,,6,,"Francja, Hiszpania, USA",Thriller,2018-4-1
776169,Zabicie świętego jelenia,The Killing of a Sacred Deer,2017,,6,,"Irlandia, Wielka Brytania",Thriller,2018-3-31
270485,Świadek bez pamięci,The Lookout,2007,,5,,USA,"Dramat, Kryminał",2018-3-31
709847,Powrót do Heaven's Veil,The Veil,2016,,4,,USA,Horror,2018-3-30
742795,Skazany,Shot Caller,2017,,7,,USA,"Dramat, Thriller",2018-3-28
775970,Kształt wody,The Shape of Water,2017,,3,,USA,Fantasy,2018-3-26
730844,Anihilacja,Annihilation,2018,,4,,"USA, Wielka Brytania","Thriller, Sci-Fi",2018-3-12
773236,Czerwona jaskółka,Red Sparrow,2018,,3,,USA,"Thriller, Szpiegowski",2018-3-12
671824,Outsider,The Outsider,2018,,3,,USA,"Thriller, Akcja",2018-3-12
788923,"Jestem najlepsza. Ja, Tonya","I, Tonya",2017,,8,,USA,"Biograficzny, Dramat, Sportowy",2018-3-10
522361,Amerykanin,The American,2010,,5,,USA,"Dramat, Thriller",2018-3-6
444424,I Love You Phillip Morris,,2009,,7,,"Francja, USA","Biograficzny, Dramat, Komedia",2018-3-5
349764,Wkraczając w pustkę,Enter the Void,2009,,8,,"Francja, Kanada, Niemcy, Włochy","Dramat, Fantasy",2018-3-5
720204,Captain Fantastic,,2016,,7,,USA,Dramat,2018-3-3
786678,The Square,,2017,,5,,"Dania, Francja, Niemcy, Szwecja",Komedia,2018-3-3
426598,Liga Sprawiedliwości,Justice League,2017,,5,,"Kanada, USA, Wielka Brytania","Akcja, Sci-Fi",2018-2-28
775409,Borg/McEnroe. Między odwagą a szaleństwem,Borg McEnroe,2017,,7,,"Dania, Finlandia, Szwecja","Dramat, Sportowy",2018-2-26
730480,Cień,Maryland,2015,,3,,"Belgia, Francja",Thriller,2018-2-23
594358,Czarna Pantera,Black Panther,2018,,6,,"Australia, RPA, USA, Korea Południowa","Akcja, Sci-Fi",2018-2-21
638718,Battlecreek,,2017,,7,,USA,Melodramat,2018-2-18
796602,Rytuał,The Ritual,2017,,3,,Wielka Brytania,Horror,2018-2-12
767406,"Trzy billboardy za Ebbing, Missouri","Three Billboards Outside Ebbing, Missouri",2017,,8,,"USA, Wielka Brytania","Dramat, Komedia, Kryminał",2018-2-12
738846,Photon,,2017,,8,,Polska,"Dramat, Sci-Fi",2018-2-11
634796,Linia życia,Flatliners,2017,,4,,USA,"Horror, Sci-Fi",2018-2-10
750192,The Belko Experiment,,2016,,4,,"USA, Kolumbia","Thriller, Akcja",2018-2-10
801997,Dom otwarty,The Open House,2018,,3,,USA,Thriller,2018-1-23
655591,Zaproszenie,The Invitation,2015,,6,,USA,Thriller,2018-1-20
726818,Pomiędzy nami góry,The Mountain Between Us,2017,,3,,USA,Dramat,2018-1-15
787309,Projekt Floryda,The Florida Project,2017,,5,,USA,Dramat,2018-1-9
633506,Message from the King,,2016,,6,,"Belgia, Francja, USA, Wielka Brytania",Thriller,2018-1-3
748073,OtherLife,,2017,,6,,Australia,"Thriller, Sci-Fi",2018-1-2
668347,Pierwszy śnieg,The Snowman,2017,,4,,"Szwecja, USA, Wielka Brytania",Kryminał,2017-12-29
663259,Bodyguard Zawodowiec,The Hitman's Bodyguard,2017,,6,,"Chiny, Holandia, USA, Bułgaria","Komedia, Akcja",2017-12-23
601988,Iceman: Historia mordercy,The Iceman,2012,,6,,USA,"Biograficzny, Kryminał",2017-12-22
771723,Bright,,2017,,3,,USA,"Fantasy, Akcja",2017-12-22
782776,Thelma,,2017,,6,,"Dania, Francja, Norwegia, Szwecja","Dramat, Fantasy",2017-12-22
763812,Wind River. Na przeklętej ziemi,Wind River,2017,,6,,"Kanada, USA, Wielka Brytania",Thriller,2017-12-21
762838,Pottersville,,2017,,6,,USA,Komedia,2017-12-17
773378,Moja kuzynka Rachela,My Cousin Rachel,2017,,4,,"USA, Wielka Brytania",Melodramat,2017-12-10
628311,American Assassin,,2017,,3,,"Hongkong, USA","Thriller, Akcja",2017-12-10
766875,Dzień patriotów,Patriots Day,2016,,7,,"Hongkong, USA",Thriller,2017-11-19
766551,Pitbull. Niebezpieczne kobiety,,2016,,3,,Polska,"Dramat, Sensacyjny",2017-11-19
484466,Zrodzony w ogniu,Out of the Furnace,2013,,7,,"USA, Wielka Brytania",Thriller,2017-11-19
769844,Na pokuszenie,The Beguiled,2017,,4,,USA,Dramat,2017-11-14
707970,Thor: Ragnarok,,2017,,7,,USA,"Fantasy, Przygodowy",2017-11-12
755384,Atomic Blonde,,2017,,6,,"Niemcy, Szwecja, USA","Thriller, Akcja",2017-11-12
478702,Iron Man 2,,2010,,4,,USA,"Akcja, Sci-Fi",2017-11-6
118708,Elektra,,2005,,4,,"Kanada, USA","Fantasy, Akcja",2017-11-2
122541,Iron Man,,2008,,6,,USA,"Akcja, Sci-Fi",2017-11-2
739293,Lekarstwo na życie,A Cure for Wellness,2016,,5,,"Niemcy, USA",Horror,2017-11-1
714382,Osad,Residue,2015,,3,,Wielka Brytania,Horror,2017-11-1
592775,Mroczna wieża,The Dark Tower,2017,,3,,USA,"Fantasy, Horror",2017-10-19
736411,Baby Driver,,2017,,4,,"USA, Wielka Brytania","Komedia, Akcja",2017-10-15
630798,Blade Runner 2049,,2017,,7,,"Kanada, USA, Węgry, Wielka Brytania","Thriller, Sci-Fi",2017-10-15
776150,Iris,,2016,,3,,"Belgia, Francja",Thriller,2017-10-2
716735,Gra Geralda,Gerald's Game,2017,,6,,USA,Thriller,2017-10-2
736421,Barry Seal: Król przemytu,American Made,2017,,7,,USA,"Dramat, Polityczny",2017-10-2
753082,Amok,,2017,,3,,"Niemcy, Polska, Szwecja",Kryminał,2017-10-1
571114,To,It,2017,,7,,"Kanada, USA",Horror,2017-10-1
743496,Kingsman: Złoty Krąg,Kingsman: The Golden Circle,2017,,6,,"USA, Wielka Brytania","Akcja, Komedia kryminalna",2017-10-1
39495,Pogoda na jutro,,2003,,7,,Polska,"Dramat, Komedia, Obyczajowy",2017-9-26
658802,Przełęcz ocalonych,Hacksaw Ridge,2016,,4,,"Australia, USA","Biograficzny, Dramat, Wojenny",2017-9-26
703800,iBoy,,2017,,3,,Wielka Brytania,"Thriller, Akcja, Sci-Fi",2017-9-26
723068,Surwiwalista,The Survivalist,2015,,5,,Wielka Brytania,Thriller,2017-9-24
201190,Wonder Woman,,2017,,7,,"Chiny, Hongkong, USA","Akcja, Sci-Fi",2017-9-21
1494,451 stopni Fahrenheita,Fahrenheit 451,1966,,3,,Wielka Brytania,"Dramat, Sci-Fi",2017-9-18
224731,Baywatch. Słoneczny patrol,Baywatch,2017,,2,,USA,"Komedia, Akcja",2017-9-17
759717,Mokka,Moka,2016,,7,,"Francja, Szwajcaria",Dramat,2017-9-14
745253,Kontrola absolutna,I.T.,2016,,2,,"Francja, Irlandia, USA",Kryminał,2017-9-14
769502,Pakt krwi,Arsenal,2017,,2,,USA,"Sensacyjny, Thriller",2017-9-14
723653,Niepamięć,Remember,2015,,7,,"Kanada, Meksyk, Niemcy, RPA",Dramat,2017-9-14
722146,Strażnicy Galaktyki vol. 2,Guardians of the Galaxy Vol. 2,2017,,5,,USA,"Akcja, Sci-Fi",2017-9-6
722760,Siedem dni w piekle,7 Days in Hell,2015,,8,,USA,"Komedia, Sportowy",2017-9-2
756152,Obdarowani,Gifted,2017,,6,,USA,Dramat,2017-9-2
563486,Pionek,Pawn Sacrifice,2014,,5,,USA,"Biograficzny, Dramat",2017-8-31
882,Przerwana lekcja muzyki,"Girl, Interrupted",1999,,5,,"Niemcy, USA","Biograficzny, Dramat, Psychologiczny",2017-8-25
879,Nie czas na łzy,Boys Don't Cry,1999,,7,,USA,Dramat,2017-8-25
718541,Snajper: Dziedzictwo,Sniper: Legacy,2014,,3,,USA,"Thriller, Akcja",2017-8-23
124761,W rękach Boga,Something the Lord Made,2004,,7,,USA,"Biograficzny, Dramat",2017-8-12
748224,Okja,,2017,,7,,"USA, Korea Południowa","Dramat, Przygodowy, Sci-Fi",2017-8-12
674146,Mumia,The Mummy,2017,,2,,"Chiny, Japonia, USA","Fantasy, Przygodowy",2017-8-12
748293,The Circle. Krąg,The Circle,2017,,3,,"USA, Zjednoczone Emiraty Arabskie","Thriller, Sci-Fi",2017-8-12
700190,Wojna o planetę małp,War for the Planet of the Apes,2017,,5,,"Kanada, Nowa Zelandia, USA","Dramat, Akcja, Sci-Fi",2017-8-11
659676,Spider-Man: Homecoming,,2017,,7,,USA,"Akcja, Sci-Fi",2017-8-6
727968,Nie oddychaj,Don't Breathe,2016,,3,,USA,Thriller,2017-7-21
107101,Constantine,,2005,,7,,"Niemcy, USA","Fantasy, Thriller",2017-7-16
32598,Niewierna,Unfaithful,2002,,8,,"Francja, Niemcy, USA",Dramat,2017-7-15
744774,Planetarium,,2016,,3,,"Belgia, Francja","Dramat, Fantasy",2017-7-12
752725,Dobrze się kłamie w miłym towarzystwie,Perfetti sconosciuti,2016,,8,,Włochy,"Dramat, Komedia",2017-7-12
685873,Miliardowy okup,Take Down,2016,,4,,USA,Thriller,2017-7-9
786469,Magellan,,2017,,4,,"Australia, USA","Thriller, Sci-Fi",2017-7-9
760093,Kłamstwo,Denial,2016,,7,,"USA, Wielka Brytania","Biograficzny, Dramat sądowy",2017-7-9
180762,Samotne serca,Lonely Hearts,2006,,7,,"Niemcy, USA",Kryminał,2017-7-9
697684,Pojedynek na pustyni,Beyond the Reach,2014,,7,,USA,Thriller,2017-7-8
636740,Prześladowani,Persecuted,2014,,4,,USA,"Dramat, Thriller",2017-7-1
750415,Wilson,,2017,,6,,USA,"Dramat, Komedia",2017-7-1
119831,Wszystko jest iluminacją,Everything Is Illuminated,2005,,7,,USA,"Dramat, Komedia",2017-6-25
597664,Geniusz,Genius,2016,,6,,"USA, Wielka Brytania","Biograficzny, Dramat",2017-6-25
745754,McImperium,The Founder,2016,,6,,USA,"Biograficzny, Dramat",2017-6-25
1019,Lot nad kukułczym gniazdem,One Flew Over the Cuckoo's Nest,1975,,8,,USA,"Dramat, Psychologiczny",2017-6-17
6862,Koziorożec Jeden,Capricorn One,1977,,5,,"USA, Wielka Brytania","Dramat, Sensacyjny, Thriller, Sci-Fi",2017-6-17
486822,Ghost in the Shell,,2017,,3,,"Chiny, Hongkong, Indie, USA, Wielka Brytania","Thriller, Akcja, Sci-Fi",2017-6-17
761006,Catfight,,2016,,6,,USA,Komedia,2017-6-14
696071,T2: Trainspotting,,2017,,5,,Wielka Brytania,Dramat,2017-6-10
665400,Obcy: Przymierze,Alien: Covenant,2017,,6,,"USA, Wielka Brytania","Horror, Sci-Fi",2017-6-9
762881,Sama przeciw wszystkim,Miss Sloane,2016,,8,,"Francja, USA",Dramat,2017-6-9
751112,Imperium,,2016,,6,,USA,Thriller,2017-6-6
482581,Dziedzictwo Bourne'a,The Bourne Legacy,2012,,7,,USA,Sensacyjny,2017-6-6
719676,Światło między oceanami,The Light Between Oceans,2016,,6,,"Nowa Zelandia, USA, Wielka Brytania",Dramat,2017-6-6
720973,Hollarsowie,The Hollars,2016,,6,,USA,"Dramat, Komedia, Romans",2017-6-4
475159,Adam,,2009,,5,,USA,"Dramat, Komedia, Romans",2017-5-28
107556,Amerykańska sielanka,American Pastoral,2016,,6,,USA,Dramat,2017-5-28
750704,Uciekaj!,Get Out,2017,,7,,USA,Horror,2017-5-9
483333,Mroczne cienie,Dark Shadows,2012,,6,,"Australia, USA, Wielka Brytania","Fantasy, Horror, Komedia",2017-5-7
572,Nierozłączni,Dead Ringers,1988,,5,,"Kanada, USA","Dramat, Thriller",2017-4-27
657525,Wielki Mur,The Great Wall,2016,,4,,"Australia, Chiny, Hongkong, Kanada, USA","Fantasy, Przygodowy",2017-4-26
721794,Głusza,Into the Forest,2015,,3,,Kanada,Dramat,2017-4-18
765212,Life,,2017,,7,,USA,"Thriller, Sci-Fi",2017-4-11
317089,Watchmen. Strażnicy,Watchmen,2009,,8,,USA,"Dramat, Akcja, Sci-Fi",2017-4-5
719113,Sposób na morderstwo,A Kind of Murder,2016,,4,,USA,Kryminał,2017-4-5
757770,Odkrycie,The Discovery,2017,,5,,USA,"Romans, Sci-Fi",2017-4-3
750258,Split,,2016,,5,,"Japonia, USA",Thriller,2017-3-29
713552,Logan: Wolverine,Logan,2017,,6,,"Australia, Kanada, USA","Dramat, Akcja, Sci-Fi",2017-3-25
676755,Borgman,,2013,,7,,"Belgia, Dania, Holandia",Thriller,2017-3-23
736182,Manchester by the Sea,,2016,,8,,USA,Dramat,2017-2-25
753369,Cień mgły,A Patch of Fog,2015,,8,,Wielka Brytania,Thriller,2017-2-20
741097,Osaczona,Shut In,2016,,2,,"Francja, Kanada, USA",Thriller,2017-2-18
741135,John Wick 2,John Wick: Chapter Two,2017,,2,,USA,"Thriller, Akcja",2017-2-15
763312,Sztuka kochania. Historia Michaliny Wisłockiej,,2017,,6,,Polska,"Biograficzny, Dramat",2017-2-6
428363,Numer,A Number,2008,,3,,"USA, Wielka Brytania",Dramat obyczajowy,2017-1-30
677753,Neon Demon,The Neon Demon,2016,,8,,"Dania, Francja, USA",Thriller,2017-1-30
768727,Znajdź mnie,Come and Find Me,2016,,3,,Wielka Brytania,Thriller,2017-1-30
640026,Zaraźliwi,Antiviral,2012,,4,,"Francja, Kanada","Horror, Sci-Fi",2017-1-28
701195,Uwięziona,Captive,2015,,5,,USA,Thriller,2017-1-27
558338,Take This Waltz,,2011,,7,,"Hiszpania, Japonia, Kanada","Dramat, Komedia, Romans",2017-1-24
291001,Zbrodnia,A Crime,2006,,7,,"Francja, USA","Dramat, Kryminał, Thriller",2017-1-17
163603,Królowie ulicy,Street Kings,2008,,8,,USA,Sensacyjny,2017-1-14
4497,Reakcja łańcuchowa,Chain Reaction,1996,,4,,USA,Thriller,2017-1-13
477273,Chłopiec A,Boy A,2007,,6,,Wielka Brytania,Dramat obyczajowy,2017-1-11
750026,Ukryte piękno,Collateral Beauty,2016,,3,,USA,Dramat,2017-1-7
558175,Pasażerowie,Passengers,2016,,5,,USA,"Przygodowy, Sci-Fi",2017-1-5
615722,Ściana,Die Wand,2012,,6,,"Austria, Niemcy",Dramat,2016-12-31
697182,Tajemnice Manhattanu,Manhattan Nocturne,2016,,5,,USA,Thriller,2016-12-31
741821,Aż do piekła,Hell or High Water,2016,,8,,USA,"Dramat, Kryminał",2016-12-28
282892,Życie Pi,Life of Pi,2012,,6,,"USA, Wielka Brytania, Tajwan","Dramat, Przygodowy",2016-12-28
746389,Sully,,2016,,7,,USA,"Biograficzny, Dramat",2016-12-22
731322,Rekiny wojny,War Dogs,2016,,4,,USA,Komedia,2016-11-27
744969,Zwierzęta nocy,Nocturnal Animals,2016,,7,,USA,Thriller,2016-11-24
491609,Ghostbusters. Pogromcy duchów,Ghostbusters,2016,,3,,USA,"Komedia, Akcja, Sci-Fi",2016-11-20
712896,Nowy początek,Arrival,2016,,7,,USA,"Thriller, Sci-Fi",2016-11-17
538571,Diabeł,Devil,2010,,7,,USA,Horror,2016-11-15
754021,Maruderzy,Marauders,2016,,7,,"Kanada, USA",Akcja,2016-11-15
116804,Alpha Dog,,2006,,7,,USA,"Dramat, Kryminał",2016-11-11
8111,Niesamowita McCoy,The Real McCoy,1993,,6,,USA,Sensacyjny,2016-11-8
526137,Czarny łabędź,Black Swan,2010,,7,,USA,"Dramat, Psychologiczny",2016-11-8
651823,Istnienie,Haunter,2013,,4,,"Francja, Kanada",Horror,2016-11-8
33188,Urok mordercy,Killing Me Softly,2002,,6,,"USA, Wielka Brytania","Erotyczny, Thriller",2016-11-6
740572,Nieznajoma,Complete Unknown,2016,,7,,USA,Dramat,2016-11-5
728399,Księgowy,The Accountant,2016,,7,,USA,"Dramat, Sensacyjny",2016-10-31
31643,Dom Glassów,The Glass House,2001,,6,,USA,Thriller,2016-10-10
746043,Dziewczyna z pociągu,The Girl on the Train,2016,,7,,USA,Thriller,2016-10-10
735683,Ostatnia rodzina,,2016,,8,,Polska,Biograficzny,2016-10-3
678451,Rebirth,,2016,,5,,USA,Thriller,2016-9-20
256637,Mroczna kraina,Dark Country,2009,,8,,USA,Thriller,2016-9-20
725816,Legion samobójców,Suicide Squad,2016,,6,,"Kanada, USA","Akcja, Sci-Fi",2016-8-23
696433,Iluzja 2,Now You See Me 2,2016,,6,,"Francja, USA","Kryminał, Thriller",2016-8-22
105964,Polowanie na rekina,Shark Hunter,2001,tak,2,,USA,"Horror, Przygodowy, Sci-Fi",2016-8-21
106411,X-Men: Ostatni bastion,X-Men: The Last Stand,2006,,5,,"Kanada, USA, Wielka Brytania","Akcja, Sci-Fi",2016-8-19
732812,Jason Bourne,,2016,,7,,"Chiny, USA, Wielka Brytania",Sensacyjny,2016-8-5
699621,Wujek John,Uncle John,2015,,7,,USA,Thriller,2016-7-6
714080,Cloverfield Lane 10,10 Cloverfield Lane,2016,,6,,USA,"Thriller, Sci-Fi",2016-7-3
704946,Obecność 2,The Conjuring 2,2016,,6,,USA,Horror,2016-6-29
726089,Nienasyceni,A Bigger Splash,2015,,5,,"Francja, Włochy","Dramat, Kryminał",2016-6-28
747433,Pitbull. Nowe porządki,,2016,,6,,Polska,"Dramat, Sensacyjny",2016-6-22
715836,Po tamtej stronie drzwi,The Other Side of the Door,2016,,3,,"Indie, USA, Wielka Brytania",Horror,2016-6-11
484601,Wyrok za prawdę,Kill the Messenger,2014,,6,,USA,"Biograficzny, Dramat, Kryminał",2016-6-3
698051,X-Men: Apocalypse,,2016,,7,,USA,"Akcja, Sci-Fi",2016-6-3
668292,Sprawa zaufania,Trust Me,2013,,7,,USA,"Dramat, Komedia",2016-5-14
728264,Colonia,,2015,,7,,"Francja, Luksemburg, Niemcy, Wielka Brytania",Dramat,2016-5-11
699976,Point Break - na fali,Point Break,2015,,4,,"Chiny, Niemcy, USA",Akcja,2016-5-5
731541,Pokój,Room,2015,,7,,"Irlandia, Kanada, USA, Wielka Brytania",Dramat,2016-5-4
702785,Projektantka,The Dressmaker,2015,,5,,Australia,"Dramat, Komedia",2016-4-12
687215,Batman v Superman: Świt sprawiedliwości,Batman v Superman: Dawn of Justice,2016,,6,,USA,"Akcja, Sci-Fi",2016-4-11
612189,Chappie,,2015,,5,,"RPA, USA","Akcja, Sci-Fi",2016-4-10
720241,Anatomia zła,,2015,,5,,Polska,Thriller,2016-4-9
30671,"Pół żartem, pół serio",Some Like It Hot,1959,,9,,USA,Komedia,2016-3-31
743503,Schmitke,,2014,,8,,"Czechy, Niemcy",Komedia,2016-3-30
732548,Big Short,The Big Short,2015,,8,,USA,Dramat,2016-3-27
695696,Londyn w ogniu,London Has Fallen,2016,,5,,"USA, Wielka Brytania, Bułgaria","Thriller, Akcja",2016-3-18
715591,Nie igraj z ogniem,Digging for Fire,2015,,6,,USA,Dramat,2016-3-16
698272,Nikt znikąd,Un illustre inconnu,2014,,6,,Francja,Thriller,2016-3-15
643054,Jeżeli nadejdzie jutro,How I Live Now,2013,,7,,Wielka Brytania,Dramat,2016-3-15
695003,Sufrażystka,Suffragette,2015,,4,,Wielka Brytania,Dramat,2016-3-14
733187,Prawie jak matka,Que Horas Ela Volta?,2015,,8,,Brazylia,Dramat,2016-3-14
629224,Igrzyska śmierci: Kosogłos. Część 2,The Hunger Games: Mockingjay Part 2,2015,,3,,"Niemcy, USA","Akcja, Sci-Fi",2016-3-13
723550,Spotlight,,2015,,6,,"Kanada, USA",Dramat,2016-3-8
514675,Deadpool,,2016,,7,,USA,"Komedia, Akcja, Sci-Fi",2016-3-4
695281,Ugotowany,Burnt,2015,,3,,USA,"Dramat, Komedia",2016-3-4
677578,Czerwony pająk,,2015,,3,,Polska,Thriller,2016-3-3
7846,Morderstwo w Orient Expressie,Murder on the Orient Express,1974,,6,,Wielka Brytania,Kryminał,2016-3-1
644817,Łowca czarownic,The Last Witch Hunter,2015,,5,,"Chiny, Kanada, USA","Fantasy, Przygodowy",2016-2-29
686359,Victor Frankenstein,,2015,,4,,USA,"Dramat, Horror",2016-2-29
631109,"Cześć, Carter",Hello Carter,2013,,5,,Wielka Brytania,"Dramat, Komedia",2016-2-28
733808,Strategia mistrza,The Program,2015,,7,,"Francja, Wielka Brytania","Biograficzny, Dramat, Sportowy",2016-2-6
708003,Dobre zabijanie,Good Kill,2014,,7,,USA,"Dramat, Thriller",2016-2-3
714269,Legend,,2015,,5,,"Francja, USA, Wielka Brytania","Biograficzny, Gangsterski",2016-1-31
219650,Ukojenie,Solace,2015,,4,,USA,Thriller,2016-1-31
1465,Gwiezdne wojny: Część II - Atak klonów,Star Wars: Episode II - Attack of the Clones,2002,,4,,USA,"Przygodowy, Sci-Fi",2016-1-24
520,Gwiezdne wojny: Część I - Mroczne widmo,Star Wars: Episode I - The Phantom Menace,1999,,5,,USA,"Przygodowy, Sci-Fi",2016-1-24
527134,Pakt z diabłem,Black Mass,2015,,6,,"USA, Wielka Brytania","Dramat, Kryminał",2016-1-14
11900,Zabić drozda,To Kill a Mockingbird,1962,,6,,USA,"Obyczajowy, Prawniczy, Dramat sądowy",2016-1-13
648235,Siostry,Perfect Sisters,2014,,6,,Kanada,"Dramat, Kryminał, Thriller",2016-1-12
694246,Creed: Narodziny legendy,Creed,2015,,7,,USA,"Dramat, Sportowy",2016-1-12
625905,Sekret w ich oczach,Secret in Their Eyes,2015,,6,,USA,"Kryminał, Thriller",2016-1-12
638153,Fort Bliss,,2014,,7,,"Turcja, USA",Dramat,2016-1-11
713093,Kto tam?,"Knock, Knock",2015,,5,,"USA, Chile","Dramat, Thriller",2016-1-1
710094,The Walk. Sięgając chmur,The Walk,2015,,6,,USA,"Biograficzny, Dramat",2016-1-1
702950,Lobster,The Lobster,2015,,9,,"Francja, Grecja, Holandia, Irlandia, Wielka Brytania",Thriller,2016-1-1
586583,Zjawa,The Revenant,2015,,7,,"Hongkong, USA, Tajwan","Dramat, Przygodowy, Western",2016-1-1
31897,Złodzieje rowerów,Ladri di biciclette,1948,,7,,Włochy,Dramat,2015-12-31
714192,Nienawistna ósemka,The Hateful Eight,2015,,8,,USA,Western,2015-12-29
382751,Ładunek 200,Gruz 200,2007,,8,,Rosja,"Dramat, Thriller",2015-12-22
712145,Wizyta,The Visit,2015,,6,,USA,Horror,2015-12-21
693468,Blue Ruin,,2013,,6,,"Francja, USA",Thriller,2015-12-21
728144,Most szpiegów,Bridge of Spies,2015,,7,,"Indie, Niemcy, USA","Dramat, Thriller",2015-12-15
684980,Sils Maria,Clouds of Sils Maria,2014,,7,,"Francja, Niemcy, Szwajcaria, USA",Dramat,2015-12-12
702521,American Ultra,,2015,,6,,"Szwajcaria, USA","Komedia, Akcja",2015-12-12
718773,"Christmas, Again",,2014,,6,,USA,Melodramat,2015-12-10
689561,Manglehorn,,2014,,6,,USA,Dramat,2015-12-10
714061,Dziewczynka z kotem,Incompresa,2014,,6,,"Francja, Włochy",Dramat,2015-12-10
699194,Nowa dziewczyna,Une nouvelle amie,2014,,7,,Francja,Dramat,2015-12-3
557434,Głosy,The Voices,2014,,6,,"Niemcy, USA","Thriller, Komedia kryminalna",2015-11-28
947,Żona astronauty,The Astronaut's Wife,1999,,5,,USA,"Dramat, Thriller, Sci-Fi",2015-11-25
723530,Nad morzem,By the Sea,2015,,5,,"Francja, USA, Malta",Melodramat,2015-11-23
119514,Pan od muzyki,Les choristes,2004,,7,,"Francja, Niemcy, Szwajcaria","Dramat, Muzyczny",2015-11-17
709434,Turysta,Force Majeure,2014,,7,,"Dania, Francja, Norwegia, Szwecja","Dramat, Psychologiczny",2015-11-11
654406,Spectre,,2015,,6,,"USA, Wielka Brytania",Sensacyjny,2015-11-9
689989,War Story,,2014,,5,,USA,Dramat,2015-11-6
706142,Młodość,Youth,2015,,6,,"Francja, Szwajcaria, Wielka Brytania, Włochy",Dramat,2015-11-3
493963,Drzwi,Die Tür,2009,,7,,Niemcy,Thriller,2015-11-2
736033,Dar,The Gift,2015,,7,,"Australia, Chiny, USA",Thriller,2015-11-1
30650,Droga do zatracenia,Road to Perdition,2002,,5,,USA,"Dramat, Gangsterski",2015-10-23
712371,Cake,,2014,,7,,USA,Dramat,2015-10-17
714087,Body/Ciało,,2015,,5,,Polska,Dramat,2015-10-12
715533,Marsjanin,The Martian,2015,,8,,"USA, Wielka Brytania",Sci-Fi,2015-10-7
191345,Zodiak,Zodiac,2007,,9,,USA,"Dramat, Kryminał, Thriller",2015-10-5
702809,Agentka,Spy,2015,,6,,USA,"Komedia, Akcja",2015-10-5
583309,Kryptonim U.N.C.L.E.,The Man from U.N.C.L.E.,2015,,6,,"USA, Wielka Brytania","Komedia, Akcja",2015-9-30
695659,Everest,,2015,,6,,"Islandia, USA, Wielka Brytania","Przygodowy, Thriller",2015-9-28
713103,Sicario,,2015,,8,,USA,"Dramat, Kryminał",2015-9-28
490328,Różyczka,,2010,,7,,Polska,Dramat,2015-9-14
657155,Dziewczyna warta grzechu,She's Funny That Way,2014,,7,,"Niemcy, USA",Komedia,2015-9-10
492946,Witamy na Hawajach,Aloha,2015,,6,,USA,"Przygodowy, Komedia rom.",2015-9-10
609966,Do utraty sił,Southpaw,2015,,7,,USA,"Dramat, Sportowy",2015-9-9
686639,Klucz do wieczności,Self/less,2015,,5,,USA,"Thriller, Sci-Fi",2015-9-9
655048,Mission: Impossible - Rogue Nation,,2015,,6,,"Chiny, Hongkong, USA",Sensacyjny,2015-9-2
651260,Grace księżna Monako,Grace of Monaco,2014,,4,,"Belgia, Francja, Szwajcaria, USA, Włochy","Biograficzny, Dramat",2015-9-2
566079,Effie Gray,,2014,,7,,Wielka Brytania,"Biograficzny, Dramat",2015-9-2
699082,Fałszerz,The Forger,2014,,5,,USA,"Kryminał, Thriller",2015-8-24
603315,Zabójczy Joe,Killer Joe,2011,,7,,USA,"Kryminał, Thriller",2015-8-21
555270,Upokorzenie,The Humbling,2014,,6,,"USA, Włochy","Dramat, Komedia",2015-8-17
707286,Co robimy w ukryciu,What We Do in the Shadows,2014,,7,,"Nowa Zelandia, USA","Horror, Komedia, Dokumentalizowany",2015-8-14
512784,Terminator: Genisys,Terminator Genisys,2015,,5,,USA,"Akcja, Sci-Fi",2015-8-14
691412,Rok przemocy,A Most Violent Year,2014,,6,,USA,"Dramat, Kryminał",2015-8-14
666736,Wyjątki z Dekalogu,I lossens time,2013,,6,,"Dania, Szwecja",Dramat,2015-8-6
666433,"O dziewczynie, która wraca nocą sama do domu",A Girl Walks Home Alone at Night,2014,,6,,USA,"Horror, Romans",2015-7-30
257691,Ant-Man,,2015,,5,,USA,"Akcja, Sci-Fi",2015-7-29
632382,Wróg numer jeden,Zero Dark Thirty,2012,,7,,USA,"Thriller, Szpiegowski",2015-7-26
678251,Szybcy i wściekli 7,Furious Seven,2015,,6,,"Japonia, USA",Akcja,2015-7-26
698052,San Andreas,,2015,,6,,"Australia, USA",Katastroficzny,2015-7-8
689545,Dzikie historie,Relatos salvajes,2014,,7,,"Argentyna, Hiszpania",Czarna komedia,2015-7-8
680737,Gunman: Odkupienie,The Gunman,2015,,4,,"Francja, Hiszpania, USA, Wielka Brytania","Thriller, Akcja",2015-7-5
698422,Slow West,,2015,,6,,"Nowa Zelandia, Wielka Brytania",Western,2015-7-5
682082,"Dwa dni, jedna noc","Deux jours, une nuit",2014,,7,,"Belgia, Francja, Włochy",Dramat,2015-6-23
644005,Gra tajemnic,The Imitation Game,2014,,5,,USA,"Biograficzny, Dramat",2015-6-23
556929,Jurassic World,,2015,,7,,USA,"Przygodowy, Sci-Fi",2015-6-18
95747,Mad Max: Na drodze gniewu,Mad Max: Fury Road,2015,,7,,"Australia, USA","Sensacyjny, Sci-Fi",2015-6-4
693142,Niezłomny,Unbroken,2014,,4,,USA,"Biograficzny, Dramat, Wojenny",2015-5-30
663735,Pojmani,The Captive,2014,,6,,Kanada,Thriller,2015-5-25
702937,Carte Blanche,,2015,,6,,Polska,Dramat obyczajowy,2015-5-25
655364,Maggie,,2015,,6,,"Szwajcaria, USA","Dramat, Horror",2015-5-23
694545,Dzika droga,Wild,2014,,7,,USA,"Biograficzny, Dramat",2015-5-21
670219,Więcej niż słowa,Louder Than Words,2013,,3,,USA,"Dramat, Familijny",2015-5-14
700906,Chłopak z sąsiedztwa,The Boy Next Door,2015,,3,,USA,Thriller,2015-5-12
659455,Exodus: Bogowie i królowie,Exodus: Gods and Kings,2014,,3,,"Hiszpania, USA, Wielka Brytania","Dramat, Przygodowy, Biblijny",2015-5-6
602339,Prowincjuszka,Hick,2011,,5,,USA,"Dramat, Komedia",2015-5-2
688030,Piramida,The Pyramid,2014,,2,,USA,Horror,2015-4-26
678657,Nocny pościg,Run All Night,2015,,5,,USA,"Dramat, Kryminał, Akcja",2015-4-21
420136,Chłopiec w pasiastej piżamie,The Boy in the Striped Pyjamas,2008,,7,,"USA, Wielka Brytania","Dramat, Wojenny",2015-4-21
620,Wyspa doktora Moreau,The Island of Dr. Moreau,1996,,7,,USA,"Thriller, Sci-Fi",2015-4-3
686419,Ex Machina,,2015,,7,,Wielka Brytania,"Thriller, Sci-Fi",2015-4-2
655542,Oculus,,2013,,5,,USA,Horror,2015-4-2
482800,Diabelska plansza Ouija,Ouija,2014,,4,,USA,Horror,2015-3-22
106408,Terminal,The Terminal,2004,,6,,USA,Komedia rom.,2015-3-16
419050,Droga,The Road,2009,,7,,USA,"Thriller, Sci-Fi",2015-3-15
626983,Igrzyska śmierci: Kosogłos. Część 1,The Hunger Games: Mockingjay Part 1,2014,,2,,USA,"Akcja, Sci-Fi",2015-2-26
546529,Ida,,2013,,7,,"Dania, Polska",Dramat,2015-2-26
705248,Ziarno prawdy,,2015,,7,,Polska,"Kryminał, Thriller",2015-2-26
298581,Wojna polsko-ruska,,2009,,2,,Polska,Dramat,2015-2-26
658317,Wielkie piękno,La grande bellezza,2013,,8,,"Francja, Włochy","Dramat, Komedia",2015-2-18
654721,Jupiter: Intronizacja,Jupiter Ascending,2015,,5,,"Australia, USA","Akcja, Sci-Fi",2015-2-17
698847,Whiplash,,2014,,7,,USA,"Dramat, Muzyczny",2015-2-16
656040,Snajper,American Sniper,2014,,8,,USA,"Biograficzny, Dramat, Wojenny",2015-2-15
8182,Nocny kowboj,Midnight Cowboy,1969,,7,,USA,Dramat,2015-2-14
691862,Teoria wszystkiego,The Theory of Everything,2014,,5,,Wielka Brytania,"Biograficzny, Dramat",2015-2-9
699881,Służby specjalne,,2014,,6,,Polska,Sensacyjny,2015-2-5
32367,Zmiana pasa,Changing Lanes,2002,,5,,USA,"Dramat, Thriller",2015-2-5
472866,Wielkie oczy,Big Eyes,2014,,5,,USA,"Biograficzny, Dramat",2015-2-3
670003,Uprowadzona 3,Taken 3,2014,,2,,Francja,Sensacyjny,2015-2-2
680709,Birdman,,2014,,8,,USA,"Dramat, Komedia",2015-1-21
36178,Intacto,,2001,,8,,Hiszpania,Sensacyjny,2015-1-19
698144,John Wick,,2014,,6,,"Chiny, USA","Thriller, Akcja",2015-1-17
629125,Boyhood,,2014,,6,,USA,Dramat,2015-1-17
663821,Głupi i głupszy bardziej,Dumb and Dumber To,2014,,3,,USA,Komedia,2015-1-12
662242,Hobbit: Bitwa Pięciu Armii,The Hobbit: The Battle of the Five Armies,2014,,3,,"Nowa Zelandia, USA","Fantasy, Przygodowy",2015-1-11
630714,Sędzia,The Judge,2014,,6,,USA,"Dramat, Kryminał",2015-1-4
691927,Magia w blasku księżyca,Magic in the Moonlight,2014,,5,,USA,Komedia,2015-1-4
702277,Motyl Still Alice,Still Alice,2014,,8,,"Francja, USA",Dramat,2015-1-2
676101,Brudny szmal,The Drop,2014,,7,,USA,"Dramat, Kryminał",2015-1-2
686651,Wywiad ze słońcem narodu,The Interview,2014,,3,,USA,"Komedia, Akcja",2014-12-30
261979,Holiday,The Holiday,2006,,5,,USA,Komedia rom.,2014-12-25
633417,Raport z Europy,Europa Report,2013,,7,,USA,"Thriller, Sci-Fi",2014-12-20
316785,Bez litości,The Equalizer,2014,,7,,USA,Thriller,2014-12-15
562579,Dobrzy ludzie,Good People,2014,,3,,"Dania, Szwecja, USA, Wielka Brytania",Thriller,2014-12-11
656778,Powiedzmy sobie wszystko,This Is Where I Leave You,2014,,6,,USA,"Dramat, Komedia",2014-12-8
636202,Panna Meadows,Miss Meadows,2014,,7,,USA,Dramat,2014-12-7
667242,Zanim zasnę,Before I Go to Sleep,2014,,6,,"Francja, Szwecja, USA, Wielka Brytania","Dramat, Thriller",2014-12-7
651383,Wróg,Enemy,2013,,8,,"Hiszpania, Kanada",Thriller,2014-12-6
656595,Przeznaczenie,Predestination,2014,,7,,Australia,"Thriller, Sci-Fi",2014-12-1
687846,Gdybym tylko tu był,Wish I Was Here,2014,,6,,USA,"Dramat, Komedia",2014-12-1
662081,Mów mi Vincent,St. Vincent,2014,,6,,USA,Komedia,2014-12-1
559315,Wątpliwości,To the Wonder,2012,,4,,USA,Melodramat,2014-11-29
608456,"Jako w piekle, tak i na Ziemi","As Above, So Below",2014,,6,,USA,Horror,2014-11-29
609757,Więzień labiryntu,The Maze Runner,2014,,6,,"Kanada, USA, Wielka Brytania","Thriller, Akcja, Sci-Fi",2014-11-28
293878,Oszukana,Changeling,2008,,8,,USA,Dramat obyczajowy,2014-11-22
655615,Krocząc wśród cieni,A Walk Among the Tombstones,2014,,5,,USA,"Dramat, Kryminał",2014-11-11
660248,Śnieżny ptak,White Bird in a Blizzard,2014,,7,,"Francja, USA","Dramat, Thriller",2014-11-11
30701,Dwunastu gniewnych ludzi,12 Angry Men,1957,,8,,USA,Dramat sądowy,2014-11-11
375629,Interstellar,,2014,,7,,"USA, Wielka Brytania",Sci-Fi,2014-11-11
684901,Udając gliniarzy,Let's Be Cops,2014,,3,,USA,"Komedia, Akcja",2014-11-10
683180,Furia,Fury,2014,,6,,"Chiny, USA, Wielka Brytania","Dramat, Wojenny",2014-11-10
684356,Dracula: Historia nieznana,Dracula Untold,2014,,5,,"Japonia, USA","Fantasy, Horror",2014-11-10
650619,Tylko kochankowie przeżyją,Only Lovers Left Alive,2013,,8,,"Francja, Grecja, Niemcy, USA, Wielka Brytania, Cypr","Horror, Romans",2014-11-5
546202,Rogi,Horns,2013,,6,,"Kanada, USA",Horror,2014-11-5
628545,Rozgrywka,The Two Faces of January,2014,,4,,"Francja, USA, Wielka Brytania",Thriller,2014-11-4
563042,Hercules,,2014,,3,,USA,Przygodowy,2014-11-4
627028,Filozofowie,The Philosophers,2013,,5,,"USA, Indonezja","Dramat, Thriller, Sci-Fi",2014-11-2
463455,Istota,Splice,2009,,6,,"Francja, Kanada, USA","Thriller, Sci-Fi",2014-11-2
693667,Drive Hard,,2014,,4,,"Australia, Kanada, USA","Komedia, Akcja",2014-10-30
420755,Maczeta,Machete,2010,,7,,USA,Akcja,2014-10-25
655358,November Man,The November Man,2014,,5,,USA,Thriller,2014-10-22
676364,Babadook,The Babadook,2014,,6,,"Australia, Kanada",Horror,2014-10-19
694378,Bogowie,,2014,,8,,Polska,"Biograficzny, Dramat",2014-10-19
1417,Tańcząc w ciemnościach,Dancer in the Dark,2000,,9,,"Argentyna, Dania, Finlandia, Francja, Hiszpania, Holandia, Islandia, Niemcy, Norwegia, Szwecja, USA, Wielka Brytania, Włochy","Dramat, Musical",2014-10-13
695409,Zaginiona dziewczyna,Gone Girl,2014,,7,,USA,"Dramat, Thriller",2014-10-13
671888,Mapy gwiazd,Maps to the Stars,2014,,7,,"Francja, Kanada, Niemcy, USA",Dramat,2014-10-11
664974,Frank,,2014,,7,,"Irlandia, Wielka Brytania","Dramat, Komedia",2014-10-11
463952,Autor widmo,The Ghost Writer,2010,,5,,"Francja, Niemcy, Wielka Brytania","Dramat, Thriller",2014-10-9
214272,Sin City: Damulka warta grzechu,Sin City: A Dame to Kill For,2014,,5,,USA,"Kryminał, Thriller",2014-10-6
680642,Locke,,2013,,7,,"USA, Wielka Brytania","Dramat, Thriller",2014-10-3
226856,Małe dzieci,Little Children,2006,,8,,USA,Melodramat,2014-9-30
581986,Kongres,The Congress,2013,,8,,"Belgia, Francja, Luksemburg, Niemcy, Polska, Izrael","Animacja, Dramat, Sci-Fi",2014-9-29
664897,Hardkor Disko,,2014,,6,,Polska,Dramat,2014-9-21
645955,Transformers: Wiek zagłady,Transformers: Age of Extinction,2014,,7,,"Chiny, USA","Akcja, Sci-Fi",2014-9-21
657591,Droga przez Teksas,Prince Avalanche,2013,,7,,USA,"Dramat, Komedia",2014-9-21
648127,Casanova po przejściach,Fading Gigolo,2013,,6,,USA,Komedia,2014-9-21
107974,Monster,,2003,,9,,"Niemcy, USA","Biograficzny, Dramat",2014-9-21
655880,Ostatnia szansa Matta,Matt's Chance,2013,,5,,USA,"Dramat, Komedia",2014-9-21
557330,Czarownica,Maleficent,2014,,7,,USA,"Familijny, Fantasy",2014-9-21
651592,Miasta miłości,Third Person,2013,,5,,"Belgia, Francja, Niemcy, USA, Wielka Brytania",Melodramat,2014-9-21
661817,Grand Budapest Hotel,The Grand Budapest Hotel,2014,,8,,"Niemcy, USA","Dramat, Komedia",2014-9-18
687690,Inna kobieta,The Other Woman,2014,,3,,USA,Komedia,2014-9-16
154668,Facet z ogłoszenia,Must Love Dogs,2005,,5,,USA,Komedia rom.,2014-9-15
11173,Tramwaj zwany pożądaniem,A Streetcar Named Desire,1951,,4,,USA,Dramat,2014-9-15
663000,Teoria wszystkiego,The Zero Theorem,2013,,3,,"Francja, USA, Wielka Brytania, Rumunia","Dramat, Fantasy",2014-9-13
104543,Bezdroża,Sideways,2004,,7,,USA,"Dramat, Komedia, Romans",2014-9-11
8171,Noc na Ziemi,Night on Earth,1991,,7,,"Francja, Japonia, Niemcy, USA, Wielka Brytania","Dramat, Komedia, Nowele filmowe",2014-9-3
31831,K-PAX,,2001,,7,,"Niemcy, USA",Dramat,2014-9-1
627173,Bardzo poszukiwany człowiek,A Most Wanted Man,2014,,7,,"Niemcy, USA, Wielka Brytania",Thriller,2014-8-26
500687,Jack uczy się pływać,Jack Goes Boating,2010,,8,,USA,"Dramat, Komedia, Romans",2014-8-26
595571,Łowca,The Hunter,2011,,6,,Australia,"Dramat, Przygodowy",2014-8-25
601430,Sabotaż,Sabotage,2014,,3,,USA,"Thriller, Akcja",2014-8-25
565162,Godzilla,,2014,,3,,"Japonia, USA","Akcja, Sci-Fi",2014-8-24
656289,72 godziny,3 Days to Kill,2014,,3,,"Francja, USA",Sensacyjny,2014-8-18
687712,Lucy,,2014,,4,,Francja,"Akcja, Sci-Fi",2014-8-17
663958,Niezniszczalni 3,The Expendables 3,2014,,5,,"Francja, USA, Bułgaria",Akcja,2014-8-17
603080,Legendy ringu,Grudge Match,2013,,4,,USA,"Komedia, Sportowy",2014-7-31
615202,Kapitan Ameryka: Zimowy Żołnierz,Captain America: The Winter Soldier,2014,,5,,USA,"Akcja, Sci-Fi",2014-7-31
376118,Pan Peabody i Sherman,Mr. Peabody & Sherman,2014,,7,,USA,"Animacja, Familijny, Przygodowy",2014-7-29
577622,Na skraju jutra,Edge of Tomorrow,2014,,3,,"Kanada, USA","Akcja, Sci-Fi",2014-7-28
629764,Niezgodna,Divergent,2014,,5,,USA,"Akcja, Sci-Fi",2014-7-26
660451,Pod Mocnym Aniołem,,2014,,5,,Polska,Dramat,2014-7-22
688891,Diabelskie nasienie,Devil's Due,2014,,4,,USA,Horror,2014-7-21
618929,O czym wiedziała Maisie,What Maisie Knew,2012,,8,,USA,Dramat,2014-7-21
622028,Niesamowity Spider-Man 2,The Amazing Spider-Man 2,2014,,3,,USA,"Akcja, Sci-Fi",2014-7-21
658470,Need for Speed,,2014,,7,,"Francja, USA, Wielka Brytania, Filipiny",Akcja,2014-7-20
643915,Sztuka kradzieży,The Art of the Steal,2013,,7,,"Kanada, USA",Komedia kryminalna,2014-7-17
622318,Noe: Wybrany przez Boga,Noah,2014,,3,,USA,"Dramat, Fantasy",2014-7-17
633150,"Co jest grane, Davis?",Inside Llewyn Davis,2013,,7,,"Francja, USA, Wielka Brytania","Dramat, Muzyczny",2014-7-17
644064,Ewolucja planety małp,Dawn of the Planet of the Apes,2014,,6,,USA,"Dramat, Akcja, Sci-Fi",2014-7-16
661559,Eden,,2011,,7,,USA,Dramat obyczajowy,2014-7-1
465416,Co cię nie zabije,What Doesn't Kill You,2008,,7,,USA,"Dramat, Kryminał",2014-7-1
630808,"X-Men: Przeszłość, która nadejdzie",X-Men: Days of Future Past,2014,,6,,"USA, Wielka Brytania","Akcja, Sci-Fi",2014-6-23
571188,Kolonia,The Colony,2013,,4,,Kanada,"Thriller, Sci-Fi",2014-6-16
453958,Kobiety pragną bardziej,He's Just Not That Into You,2009,,5,,"Holandia, Niemcy, USA","Dramat, Komedia, Romans",2014-6-16
856,Dziewczyna na moście,La fille sur le pont,1999,,7,,Francja,"Dramat, Komedia, Romans",2014-6-15
607536,Take Shelter,,2011,,7,,USA,Dramat,2014-6-14
694076,Kwiaty na poddaszu,Flowers in the Attic,2014,,7,,"Kanada, USA",Dramat,2014-6-11
670682,Transcendencja,Transcendence,2014,,6,,"Chiny, USA, Wielka Brytania","Dramat, Sci-Fi",2014-6-11
366721,Wszystko w porządku,The Kids Are All Right,2010,,7,,USA,"Dramat, Komedia",2014-6-7
551146,Jack Ryan: Teoria chaosu,Jack Ryan: Shadow Recruit,2014,,3,,"Rosja, USA","Thriller, Akcja",2014-6-7
33510,Solaris,,2002,,6,,USA,"Dramat, Sci-Fi",2014-6-7
630993,"Długi, wrześniowy weekend",Labor Day,2013,,7,,USA,Dramat,2014-6-7
1104,Dziecko Rosemary,Rosemary's Baby,1968,,5,,USA,"Horror, Psychologiczny",2014-5-9
208,Życie jest piękne,La vita è bella,1997,,8,,Włochy,"Dramat, Komedia, Wojenny",2014-5-9
119410,Źródło,The Fountain,2006,,6,,USA,"Dramat, Psychologiczny",2014-5-5
523002,Oldboy. Zemsta jest cierpliwa,Oldboy,2013,,5,,USA,Thriller,2014-4-7
649608,Snowpiercer: Arka przyszłości,Snowpiercer,2013,,6,,"Czechy, Francja, USA, Korea Południowa","Thriller, Akcja, Sci-Fi",2014-3-24
627599,Igrzyska śmierci: W pierścieniu ognia,The Hunger Games: Catching Fire,2013,,6,,USA,"Akcja, Sci-Fi",2014-3-21
578993,Dom w oddali,Axed,2012,,4,,Wielka Brytania,Thriller,2014-3-21
668214,Tajemnica Filomeny,Philomena,2013,,7,,"Francja, USA, Wielka Brytania",Dramat,2014-3-17
1029,Kasyno,Casino,1995,,8,,"Francja, USA","Dramat, Gangsterski",2014-3-17
501993,Władcy umysłów,The Adjustment Bureau,2011,,6,,USA,"Thriller, Romans, Sci-Fi",2014-3-16
600590,Sierpień w hrabstwie Osage,August: Osage County,2013,,7,,USA,"Dramat, Komedia",2014-3-16
673946,Jack Strong,,2014,,6,,Polska,"Thriller, Szpiegowski",2014-3-10
646395,Ona,Her,2013,,7,,USA,"Melodramat, Sci-Fi",2014-2-23
631551,Miłość,,2012,,5,,Polska,Dramat obyczajowy,2014-2-21
613320,Ocalony,Lone Survivor,2013,,6,,USA,"Dramat, Wojenny",2014-2-21
608184,Wałęsa. Człowiek z nadziei,,2013,,6,,Polska,"Biograficzny, Dramat",2014-2-20
646208,Z zaskoczenia,Thunderstruck,2012,,4,,USA,"Familijny, Komedia",2014-2-19
640445,Najlepsze najgorsze wakacje,The Way Way Back,2013,,4,,USA,"Dramat, Komedia",2014-2-16
163903,Gra Endera,Ender's Game,2013,,4,,USA,"Akcja, Sci-Fi",2014-2-13
207667,London,,2005,,5,,"USA, Wielka Brytania",Dramat,2014-2-13
626169,Prawdziwa miłość,True Love,2012,,3,,"USA, Włochy",Thriller,2014-2-4
633104,Drugie życie króla,Arthur Newman,2012,,6,,USA,"Dramat, Komedia",2014-2-3
622564,Thor: Mroczny świat,Thor: The Dark World,2013,,4,,USA,"Fantasy, Przygodowy",2014-2-3
643366,Kapitan Phillips,Captain Phillips,2013,,7,,USA,"Biograficzny, Dramat",2014-2-1
611322,American Hustle,,2013,,8,,USA,"Dramat, Kryminał",2014-2-1
657859,Witaj w klubie,Dallas Buyers Club,2013,,8,,USA,"Biograficzny, Dramat",2014-2-1
652252,Paranoja,Paranoia,2013,,6,,"Francja, Indie, USA",Thriller,2014-1-29
573524,Plan ucieczki,Escape Plan,2013,,6,,USA,"Thriller, Akcja",2014-1-29
636397,Zakazane pragnienia,Temptation: Confessions of a Marriage Counselor,2013,,3,,USA,Dramat,2014-1-25
646074,Układ,Closed Circuit,2013,,4,,"USA, Wielka Brytania","Dramat, Kryminał",2014-1-25
517573,Riddick,,2013,,4,,"USA, Wielka Brytania","Akcja, Sci-Fi",2014-1-22
660703,Kumple od kufla,Drinking Buddies,2013,,6,,USA,"Dramat, Komedia, Romans",2014-1-20
496157,Ostatnia śmierć,La última muerte,2011,,3,,Meksyk,"Thriller, Sci-Fi",2014-1-19
661492,Wyrwani ze snu,Sleeper's Wake,2012,,3,,RPA,Thriller,2014-1-19
621733,Następny jesteś ty,You're Next,2011,,5,,"USA, Wielka Brytania",Horror,2014-1-16
583006,Mistrz,The Master,2012,,7,,USA,Dramat,2014-1-14
625417,Carrie,,2013,,3,,USA,"Dramat, Horror",2014-1-8
655799,Porachunki,The Family,2013,,6,,"Francja, USA",Komedia kryminalna,2014-1-2
648849,Kamerdyner,The Butler,2013,,7,,USA,"Biograficzny, Dramat",2014-1-2
469867,Hobbit: Pustkowie Smauga,The Hobbit: The Desolation of Smaug,2013,,6,,"Nowa Zelandia, USA","Fantasy, Przygodowy",2014-1-2
526365,Zniknięcie na 7. ulicy,Vanishing on 7th Street,2010,,2,,USA,Horror,2013-12-14
180280,Giganci ze stali,Real Steel,2011,,7,,"Indie, USA","Akcja, Sci-Fi",2013-12-13
536707,Klucz Sary,Elle s'appelait Sarah,2010,,6,,Francja,"Dramat, Wojenny",2013-12-12
105715,Nawiedzony,Haunted,1995,,8,,"USA, Wielka Brytania",Horror,2013-12-12
1241,Bez przebaczenia,Unforgiven,1992,,6,,USA,Western,2013-12-12
435340,Ulica Narrows,The Narrows,2008,,6,,USA,"Dramat, Kryminał, Thriller",2013-12-12
11904,Zabójstwo,The Killing,1956,,5,,USA,"Kryminał, Film-Noir",2013-12-11
647288,Prawie święta,All Is Bright,2013,,6,,USA,"Dramat, Komedia",2013-12-10
589332,Czarny koń,Dark Horse,2011,,5,,USA,"Dramat, Komedia",2013-12-10
502583,Cop Out: Fujary na tropie,Cop Out,2010,,3,,USA,Komedia kryminalna,2013-12-9
436781,Błękitny deszcz,Powder Blue,2009,,6,,USA,Dramat,2013-12-9
622060,Oczyszczenie,Puhdistus,2012,,6,,"Finlandia, Estonia",Dramat historyczny,2013-12-7
624525,Koneser,La migliore offerta,2013,,6,,Włochy,Dramat,2013-12-7
627751,Sztanga i cash,Pain & Gain,2013,,4,,USA,"Akcja, Komedia kryminalna",2013-12-7
643707,Empire State: Ryzykowna gra,Empire State,2013,,3,,USA,"Dramat, Akcja",2013-12-6
659323,Wypełnić pustkę,Lemale et ha'halal,2012,,7,,Izrael,Dramat,2013-11-28
661331,Frances Ha,,2012,,7,,USA,"Dramat, Komedia",2013-11-27
624699,Wrong,,2012,,6,,"Francja, USA","Surrealistyczny, Komedia",2013-11-25
510953,Czerwony świt,Red Dawn,2012,,3,,USA,Akcja,2013-11-22
576014,Dom na końcu ulicy,House at the End of the Street,2012,,2,,"Kanada, USA",Thriller,2013-11-20
385852,Miasto ślepców,Blindness,2008,,6,,"Brazylia, Japonia, Kanada","Dramat, Thriller",2013-11-17
646045,Adwokat,The Counselor,2013,,3,,"USA, Wielka Brytania","Dramat, Kryminał",2013-11-17
645470,Sezon na zabijanie,Killing Season,2013,,3,,"Belgia, USA, Bułgaria","Thriller, Akcja",2013-11-16
512238,Nierozłączni,Xing Ying Bu Li,2011,,3,,Chiny,"Dramat, Komedia",2013-11-15
643609,Noc oczyszczenia,The Purge,2013,,4,,"Francja, USA","Thriller, Sci-Fi",2013-11-12
564230,Grawitacja,Gravity,2013,,7,,"USA, Wielka Brytania","Dramat, Sci-Fi",2013-10-29
655221,Stażyści,The Internship,2013,,5,,USA,Komedia,2013-10-20
649905,Daję nam rok,I Give It a Year,2013,,7,,Wielka Brytania,Komedia rom.,2013-10-20
411786,Zdarzenie,The Happening,2008,,6,,"Indie, USA","Thriller, Sci-Fi",2013-10-18
6252,Hudson Hawk,,1991,,6,,USA,"Komedia, Sensacyjny",2013-10-15
654022,Świat w płomieniach,White House Down,2013,,5,,USA,"Thriller, Akcja",2013-10-13
583390,Nietykalni,Intouchables,2011,,7,,Francja,"Biograficzny, Dramat, Komedia",2013-10-13
643855,Nieobliczalni,De l'autre côté du périph,2012,,4,,Francja,"Akcja, Komedia kryminalna",2013-10-13
629779,Uciekinier,Mud,2012,,6,,USA,Dramat,2013-10-6
219511,Księżniczki,Princesas,2005,,8,,Hiszpania,Dramat obyczajowy,2013-10-5
507169,Labirynt,Prisoners,2013,,8,,USA,Thriller,2013-10-5
207816,Sztuka zrywania,The Break-Up,2006,,7,,USA,Komedia obycz.,2013-9-28
492133,Dla niej wszystko,Pour elle,2008,,5,,Francja,"Dramat, Thriller",2013-9-27
623326,Drużba nie żyje,Best Man Down,2012,,6,,USA,"Dramat, Komedia",2013-9-26
568289,Kick-Ass 2,,2013,,6,,"USA, Wielka Brytania","Komedia, Akcja",2013-9-26
188708,Wzgórza mają oczy,The Hills Have Eyes,2006,,7,,"Francja, USA",Horror,2013-9-26
635084,Panaceum,Side Effects,2013,,6,,USA,Thriller,2013-9-26
3673,A.I. Sztuczna inteligencja,Artificial Intelligence: AI,2001,,8,,USA,"Dramat, Sci-Fi",2013-9-26
426062,Sherlock Holmes,,2009,,3,,"Niemcy, USA","Kryminał, Przygodowy",2013-9-26
371515,Avengers,The Avengers,2012,,3,,USA,"Akcja, Sci-Fi",2013-9-26
623761,Iluzja,Now You See Me,2013,,5,,"Francja, USA",Kryminał,2013-9-26
378102,Zęby,Teeth,2007,,7,,USA,Czarna komedia,2013-9-26
106376,Batman - Początek,Batman Begins,2005,,5,,"USA, Wielka Brytania","Akcja, Sci-Fi",2013-9-26
484297,Red,,2010,,6,,USA,"Komedia, Akcja",2013-9-26
8686,Piłkarski poker,,1988,,5,,Polska,"Komedia, Sensacyjny, Sportowy",2013-9-25
512318,Nieprzeciętny Henry,Jesus Henry Christ,2012,,5,,USA,"Dramat, Komedia",2013-9-22
624892,Pokłosie,,2012,,7,,"Holandia, Polska, Rosja, Słowacja",Thriller,2013-9-21
568581,Oz: Wielki i Potężny,Oz: The Great and Powerful,2013,,7,,USA,"Fantasy, Przygodowy",2013-9-20
630909,"Grupa ""Wschód""",The East,2013,,6,,"USA, Wielka Brytania",Thriller,2013-9-20
644737,To już jest koniec,This Is The End,2013,,6,,USA,"Fantasy, Komedia",2013-9-20
625060,Byzantium,,2012,,6,,"Irlandia, USA, Wielka Brytania","Dramat, Horror",2013-9-19
506934,Wielki Gatsby,The Great Gatsby,2013,,6,,"Australia, USA",Melodramat,2013-9-18
242379,Green Lantern,,2011,,6,,USA,"Akcja, Sci-Fi",2013-9-18
639250,Koliber,Hummingbird,2013,,3,,"USA, Wielka Brytania","Dramat, Sensacyjny",2013-9-18
602585,1000 lat po Ziemi,After Earth,2013,,6,,USA,"Przygodowy, Sci-Fi",2013-9-18
152844,Millerowie,We're the Millers,2013,,6,,USA,Komedia kryminalna,2013-9-18
546757,Dzień w Middleton,At Middleton,2013,,6,,USA,Romans,2013-9-11
120103,Zostań,Stay,2005,,3,,USA,"Dramat, Thriller, Psychologiczny",2013-9-10
461734,Blue Valentine,,2010,,7,,USA,Melodramat,2013-9-10
614352,Drugie oblicze,The Place Beyond the Pines,2012,,5,,USA,"Dramat, Kryminał",2013-9-10
579290,Tylko Bóg wybacza,Only God Forgives,2013,,5,,"Dania, Francja, Szwecja, USA, Tajlandia","Kryminał, Thriller",2013-9-10
640116,Idealne matki,Adore,2013,,7,,"Australia, Francja",Dramat,2013-9-10
629789,U niej w domu,Dans la maison,2012,,8,,Francja,"Dramat, Komedia",2013-9-7
659237,Gorący towar,The Heat,2013,,5,,USA,Komedia kryminalna,2013-9-6
296427,"Strasznie głośno, niesamowicie blisko",Extremely Loud & Incredibly Close,2011,,8,,USA,Dramat,2013-9-5
345957,World War Z,,2013,,6,,"USA, Malta","Horror, Akcja",2013-9-4
515048,Wolverine,The Wolverine,2013,,6,,"USA, Wielka Brytania","Akcja, Sci-Fi",2013-9-3
623874,Czas zapłaty,Welcome to the Punch,2013,,5,,"USA, Wielka Brytania",Sensacyjny,2013-8-30
460718,Złe nawyki,Malos habitos,2007,,5,,Meksyk,Dramat,2013-8-28
626500,Uciekająca dziewczyna,See Girl Run,2012,,5,,USA,Melodramat,2013-8-26
657891,Blue Jasmine,,2013,,5,,USA,Dramat,2013-8-24
616928,Red 2,,2013,,5,,"Francja, Kanada, USA","Komedia, Akcja",2013-8-12
535756,Niepamięć,Oblivion,2013,,3,,USA,"Akcja, Sci-Fi",2013-8-5
562867,Śmierć superbohatera,Death of a Superhero,2011,,7,,"Irlandia, Niemcy","Animacja, Dramat",2013-8-4
567,Ajlawju,,1999,,6,,Polska,"Dramat, Komedia, Romans",2013-8-4
627100,Obecność,The Conjuring,2013,,4,,USA,Horror,2013-8-3
614276,"Ja, Anna","I, Anna",2012,,7,,"Francja, Niemcy, Wielka Brytania","Dramat, Thriller",2013-8-3
558111,Ludzka stonoga 2,The Human Centipede II (Full Sequence),2011,,6,,USA,Horror,2013-8-3
644473,Sugar Man,Searching for Sugar Man,2012,,9,,"Szwecja, Wielka Brytania","Biograficzny, Dokumentalny, Muzyczny",2013-7-29
572763,Kwartet,Quartet,2012,,6,,Wielka Brytania,"Dramat, Komedia",2013-7-22
641987,Turyści,Sightseers,2012,,3,,Wielka Brytania,Czarna komedia,2013-7-20
636531,Połączenie,The Call,2013,,7,,USA,Thriller,2013-7-20
624882,Trans,Trance,2013,,3,,"Francja, Wielka Brytania","Kryminał, Thriller",2013-7-18
323196,Niewiarygodny Burt Wonderstone,The Incredible Burt Wonderstone,2013,,5,,USA,Komedia,2013-7-8
562954,Sęp,,2012,,7,,Polska,Kryminał,2013-7-7
425673,Hitchcock,,2012,,5,,USA,"Biograficzny, Dramat",2013-7-2
613601,Mama i ja,The Guilt Trip,2012,,4,,USA,Komedia,2013-6-25
218094,Palimpsest,,2006,,6,,Polska,Thriller,2013-6-25
273071,W mroku zła,Broken,2006,,5,,Wielka Brytania,Horror,2013-6-25
549622,Movie 43,,2012,,7,,USA,"Komedia, Nowele filmowe",2013-6-24
305388,Człowiek ze stali,Man of Steel,2013,,5,,"Kanada, USA, Wielka Brytania","Akcja, Sci-Fi",2013-6-22
599418,Ostatnia klątwa,Hideaways,2011,,6,,"Francja, Irlandia, Szwecja","Fantasy, Thriller",2013-6-18
630888,Mama,,2013,,7,,"Hiszpania, Kanada",Horror,2013-6-17
653881,Witaj wśród nas,Bienvenue parmi nous,2012,,7,,Francja,"Dramat, Komedia",2013-6-16
397269,Pościg we mgle,In the Electric Mist,2009,,5,,"Francja, USA","Dramat, Kryminał, Thriller",2013-6-15
598628,Kolekcjoner,The Collection,2012,,2,,USA,"Horror, Akcja",2013-6-14
168757,Mała podróż do nieba,A Little Trip to Heaven,2005,,5,,"Islandia, USA","Dramat, Thriller",2013-6-10
520860,Hansel i Gretel: Łowcy czarownic,Hansel and Gretel: Witch Hunters,2013,,6,,"Niemcy, USA","Fantasy, Horror",2013-6-9
615815,Hipnotyzer,Hypnotisören,2012,,6,,Szwecja,"Dramat, Kryminał",2013-6-4
521206,W ciemność. Star Trek,Star Trek Into Darkness,2013,,6,,USA,"Akcja, Sci-Fi",2013-6-2
582432,"Nie zazna spokoju, kto przeklęty",No habrá paz para los malvados,2011,,3,,Hiszpania,Thriller,2013-5-27
606190,Bejbi blues,,2012,,6,,Polska,Dramat obyczajowy,2013-5-26
586390,Niemożliwe,Lo Imposible,2012,,3,,"Hiszpania, USA",Katastroficzny,2013-5-26
32583,Kung Pow: Wejście wybrańca,Kung Pow: Enter the Fist,2002,,7,,"Hongkong, USA","Komedia, Akcja",2013-5-25
682088,Oszukane,,2013,,3,,Polska,Dramat,2013-5-24
617120,Między wierszami,The Words,2012,,6,,USA,Dramat,2013-5-24
603082,Likwidator,The Last Stand,2013,,5,,USA,Akcja,2013-5-20
572703,Protektor,Safe,2012,,4,,USA,"Kryminał, Akcja",2013-5-18
610144,Życie to jest to,La Chispa de la vida,2011,,6,,"Francja, Hiszpania, USA",Czarna komedia,2013-5-14
465969,Czas odkupienia,Not Forgotten,2009,,5,,USA,"Thriller, Akcja",2013-5-13
658833,Olimp w ogniu,Olympus Has Fallen,2013,,4,,USA,"Thriller, Akcja",2013-5-5
645098,Elektryczne dzieci,Electrick Children,2012,,7,,USA,Dramat,2013-4-23
132451,SEXiPIStOLS,Bandidas,2006,,5,,"Francja, Meksyk, USA","Komedia, Western",2013-4-23
653607,Rust and Bone,De rouille et d'os,2012,,8,,"Belgia, Francja",Melodramat,2013-4-19
502884,Nie opuszczaj mnie,Never Let Me Go,2010,,7,,"USA, Wielka Brytania","Melodramat, Sci-Fi",2013-4-19
635169,Układ zamknięty,,2013,,7,,Polska,Thriller,2013-4-17
624742,7 psychopatów,Seven Psychopaths,2012,,8,,Wielka Brytania,Komedia kryminalna,2013-4-13
463050,Pokój śmierci,The Killing Room,2009,,3,,USA,"Dramat, Thriller",2013-4-6
572639,Charlie,The Perks of Being a Wallflower,2012,,7,,USA,Melodramat,2013-3-27
500497,Oddział,The Ward,2010,,3,,USA,Horror,2013-3-27
32356,Adaptacja,Adaptation.,2002,,6,,USA,"Dramat, Komedia",2013-3-26
505181,Łono,Womb,2010,,5,,"Francja, Niemcy, Węgry","Melodramat, Sci-Fi",2013-3-24
624437,4:13 do Katowic,,2011,,8,,Polska,"Thriller, Akcja, Psychologiczny, Krótkometrażowy",2013-3-18
312897,Przesilenie,Solstice,2008,,4,,USA,"Dramat, Horror",2013-3-17
634516,Wyjść na prostą,Smashed,2012,,6,,USA,"Dramat, Komedia",2013-3-9
535232,Internat,The Moth Diaries,2011,,4,,"Irlandia, Kanada",Horror,2013-3-6
569227,Muzyka jest wieczna,The Music Never Stopped,2011,,7,,USA,Dramat,2013-3-5
506803,Poradnik pozytywnego myślenia,Silver Linings Playbook,2012,,7,,USA,"Dramat, Komedia",2013-3-3
638714,Dopóki piłka w grze,Trouble with the Curve,2012,,6,,USA,"Dramat, Sportowy",2013-3-2
234467,"Gdzie jesteś, Amando",Gone Baby Gone,2007,,7,,USA,"Dramat, Kryminał",2013-3-2
629520,Twardziele,Stand Up Guys,2012,,4,,USA,Komedia kryminalna,2013-3-2
475975,Pęknięcia,Cracks,2009,,4,,"Francja, Hiszpania, Irlandia, Szwajcaria, Wielka Brytania","Dramat, Thriller",2013-3-2
639947,Obława,,2012,,6,,Polska,"Thriller, Wojenny, Psychologiczny",2013-2-24
528324,Martha Marcy May Marlene,,2011,,7,,USA,Thriller,2013-2-23
624521,Whisky dla aniołów,The Angels' Share,2012,,7,,"Belgia, Francja, Wielka Brytania, Włochy","Dramat, Komedia",2013-2-22
627517,Droga milionerów,The Millionaire Tour,2012,,5,,USA,"Thriller, Akcja",2013-2-19
559816,Lockout,,2012,,4,,Francja,"Thriller, Akcja, Sci-Fi",2013-2-14
583649,Gangster Squad. Pogromcy mafii,Gangster Squad,2013,,5,,USA,"Dramat, Gangsterski",2013-2-11
558718,Dobry doktor,The Good Doctor,2011,,6,,USA,"Dramat, Thriller",2013-2-5
524303,Sesje,The Sessions,2012,,8,,USA,"Dramat, Komedia, Romans",2013-2-5
544030,Ptactwo powietrzne,A Bird of the Air,2011,,7,,USA,Melodramat,2013-2-5
620541,Django,Django Unchained,2012,,6,,USA,Western,2013-2-4
631979,Drogówka,,2013,,7,,Polska,"Kryminał, Obyczajowy",2013-2-2
642662,Dziewczyna Hitchcocka,The Girl,2012,,6,,"RPA, USA, Wielka Brytania","Biograficzny, Dramat",2013-1-30
481673,Zagubiony,How I Got Lost,2009,,5,,USA,Dramat,2013-1-29
629688,Raid,Serbuan maut,2011,,6,,"Francja, USA, Indonezja",Akcja,2013-1-29
628396,Robot i Frank,Robot & Frank,2012,,5,,USA,"Dramat, Sci-Fi, Komedia kryminalna",2013-1-28
565775,Kozy,Goats,2012,,4,,USA,Komedia,2013-1-28
535423,Kłopoty z Blissem,East Fifth Bliss,2011,,4,,USA,"Dramat, Komedia",2013-1-26
484600,"Spadaj, tato",That's My Boy,2012,,2,,USA,Komedia,2013-1-24
395230,Autobus z lotniska,Shuttle,2008,,4,,USA,"Dramat, Kryminał, Thriller",2013-1-22
530650,Porąbani,Tucker and Dale vs. Evil,2010,,8,,"Indie, Kanada, USA, Wielka Brytania",Czarna komedia,2013-1-16
606085,12 godzin,Stolen,2012,,4,,USA,"Dramat, Akcja",2013-1-13
636659,Lepsze życie,Une vie meilleure,2011,,6,,Francja,Dramat,2013-1-11
625386,Pokusa,The Paperboy,2012,,6,,USA,"Dramat, Thriller",2013-1-6
521098,Zjawy,The Apparition,2012,,3,,USA,Horror,2012-12-31
394009,Odbicie zła,The Brøken,2008,,4,,"Francja, Wielka Brytania",Thriller,2012-12-31
602895,Thorne: Kokon,Thorne: Sleepyhead,2010,,6,,Wielka Brytania,"Dramat, Kryminał, Thriller",2012-12-31
537177,Pół na pół,50/50,2011,,6,,USA,"Dramat, Komedia",2012-12-27
624792,Bogowie ulicy,End of Watch,2012,,7,,USA,"Kryminał, Thriller",2012-12-27
565989,2 dni w Nowym Jorku,2 Days in New York,2012,,3,,"Belgia, Francja, Niemcy",Komedia,2012-12-22
604523,Kochankowie z Księżyca. Moonrise Kingdom,Moonrise Kingdom,2012,,6,,USA,"Dramat, Komedia, Romans",2012-12-21
591326,Attenberg,,2010,,5,,Grecja,Dramat,2012-12-21
593957,Resident Evil: Retrybucja,Resident Evil: Retribution,2012,,2,,"Francja, Kanada, Niemcy, USA","Horror, Akcja",2012-12-19
556399,Essential Killing,,2010,,7,,"Francja, Irlandia, Norwegia, Polska, Węgry","Thriller, Wojenny",2012-12-18
595678,Najsamotniejsza z planet,The Loneliest Planet,2011,,8,,"Niemcy, USA","Dramat, Thriller",2012-12-16
483190,Klatka,Isolerad,2010,,4,,Szwecja,Thriller,2012-12-11
607562,Gangster,Lawless,2012,,6,,USA,"Dramat, Gangsterski",2012-12-2
569908,Looper - Pętla czasu,Looper,2012,,4,,"Chiny, USA","Akcja, Sci-Fi",2012-11-29
572325,Savages: Ponad bezprawiem,Savages,2012,,6,,USA,"Kryminał, Thriller",2012-11-27
341466,33 sceny z życia,,2008,,6,,"Niemcy, Polska","Dramat, Psychologiczny",2012-11-21
228118,Scoop - Gorący temat,Scoop,2006,,5,,"USA, Wielka Brytania",Komedia kryminalna,2012-11-9
490841,Zeszłej nocy,Last Night,2010,,6,,"Francja, USA",Melodramat,2012-11-8
451244,Skyfall,,2012,,8,,"USA, Wielka Brytania",Sensacyjny,2012-11-5
468065,Ile waży koń trojański?,,2008,,5,,Polska,Komedia,2012-10-22
944,Patriota,The Patriot,2000,,3,,"Niemcy, USA",Dramat historyczny,2012-10-21
601997,Red Lights,,2012,,5,,"Hiszpania, USA","Dramat, Thriller",2012-10-14
843,Chłopaki nie płaczą,,2000,,8,,Polska,"Komedia, Sensacyjny",2012-9-30
345833,Życie przed oczami,The Life Before Her Eyes,2007,,6,,USA,"Dramat, Thriller",2012-9-17
485802,Musimy porozmawiać o Kevinie,We Need to Talk About Kevin,2011,,7,,"USA, Wielka Brytania","Dramat, Psychologiczny",2012-9-17
605576,Emergo,,2011,,7,,Hiszpania,Horror,2012-9-16
32362,"Złap mnie, jeśli potrafisz",Catch Me If You Can,2002,,7,,"Kanada, USA",Komedia kryminalna,2012-9-14
235793,Zaczarowana,Enchanted,2007,,6,,USA,"Familijny, Fantasy, Przygodowy",2012-9-14
202908,Labirynt fauna,El laberinto del fauno,2006,,7,,"Hiszpania, Meksyk, USA","Dramat, Fantasy",2012-9-14
592693,Człowiek z Cold Rock,The Tall Man,2012,,6,,"Francja, Kanada, USA",Thriller,2012-9-10
595010,Niezniszczalni 2,The Expendables 2,2012,,7,,USA,Akcja,2012-9-7
616141,Zakochani w Rzymie,To Rome with Love,2012,,6,,"Hiszpania, USA, Włochy",Komedia rom.,2012-9-5
587177,Z dystansu,Detachment,2011,,7,,USA,Dramat,2012-9-4
608508,Lista płatnych zleceń,Kill List,2011,,7,,Wielka Brytania,"Kryminał, Thriller",2012-8-28
623521,Hans Kloss. Stawka większa niż śmierć,,2012,,4,,Polska,"Sensacyjny, Wojenny",2012-8-28
608593,Yuma,,2012,,2,,"Czechy, Polska","Dramat, Sensacyjny",2012-8-16
611896,She Monkeys,Apflickorna,2011,,6,,Szwecja,Dramat,2012-8-11
506756,Mroczny Rycerz powstaje,The Dark Knight Rises,2012,,5,,"USA, Wielka Brytania","Akcja, Sci-Fi",2012-8-6
523230,Prometeusz,Prometheus,2012,,7,,"USA, Wielka Brytania","Horror, Sci-Fi",2012-7-24
561591,Kruk. Zagadka zbrodni,The Raven,2012,,5,,"Hiszpania, USA, Węgry, Serbia",Thriller,2012-7-18
106029,Siła strachu,Hide and Seek,2005,,7,,"Niemcy, USA",Thriller,2012-7-17
472258,Iron Sky,,2012,,7,,"Australia, Finlandia, Niemcy","Komedia, Akcja, Sci-Fi",2012-7-17
567959,Łowcy głów,Hodejegerne,2011,,6,,"Niemcy, Norwegia","Kryminał, Thriller",2012-7-17
564225,"Kocha, lubi, szanuje","Crazy, Stupid, Love.",2011,,6,,USA,"Dramat, Komedia, Romans",2012-7-11
401436,Niesamowity Spider-Man,The Amazing Spider-Man,2012,,5,,USA,"Akcja, Sci-Fi",2012-7-11
464479,Zombieland,,2009,,7,,USA,"Horror, Komedia",2012-7-11
517114,Kieł,Kynodontas,2009,,6,,Grecja,Dramat,2012-7-1
136940,Gdzie jest Nancy?,Downloading Nancy,2008,,6,,"Niemcy, USA, Wielka Brytania","Dramat, Thriller",2012-7-1
526285,Lapońska odyseja,Napapiirin sankarit,2010,,3,,"Finlandia, Irlandia, Szwecja","Dramat, Komedia, Romans",2012-7-1
191196,Nie mów nikomu,Ne le dis à personne,2006,,7,,Francja,"Dramat, Thriller, Psychologiczny",2012-7-1
336437,Wojna domowa,Easy Virtue,2008,,6,,"Kanada, Wielka Brytania",Komedia obycz.,2012-7-1
593984,Kobieta na skraju dojrzałości,Young Adult,2011,,3,,USA,"Dramat, Komedia",2012-6-25
506891,Faceci w czerni 3,Men in Black 3,2012,,6,,USA,"Komedia, Sci-Fi",2012-6-21
502896,Odchodząc,Partir,2009,,8,,Francja,Melodramat,2012-6-16
548865,Słodkich snów,Mientras duermes,2011,,7,,Hiszpania,Thriller,2012-6-10
111710,Powrót do Garden State,Garden State,2004,,7,,USA,"Dramat, Komedia, Romans",2012-6-7
561704,Kobieta z piątej dzielnicy,La Femme du Vème,2011,,5,,"Francja, Polska, Wielka Brytania",Thriller,2012-6-7
235677,Jęk czarnego węża,Black Snake Moan,2006,,6,,USA,Dramat,2012-6-5
437521,"Happy-Go-Lucky, czyli co nas uszczęśliwia",Happy-Go-Lucky,2008,,7,,Wielka Brytania,Komedia,2012-6-4
600541,Królewna Śnieżka i Łowca,Snow White and the Huntsman,2012,,6,,USA,"Fantasy, Przygodowy",2012-6-4
562264,Safe House,,2012,,5,,"RPA, USA","Sensacyjny, Thriller",2012-5-25
614257,Dyktator,The Dictator,2012,,7,,USA,Komedia,2012-5-24
487684,Dom w głębi lasu,The Cabin in the Woods,2011,,4,,USA,Horror,2012-5-13
475958,TiMER,,2009,,3,,USA,"Dramat, Fantasy, Komedia, Romans",2012-5-12
272177,Juno,,2007,,7,,USA,"Dramat, Komedia",2012-4-25
31413,Dzień świra,,2002,,8,,Polska,"Dramat, Komedia, Psychologiczny",2012-4-25
463894,W obliczu przeznaczenia,Personal Effects,2009,,4,,"Kanada, Niemcy, USA",Dramat obyczajowy,2012-4-24
99107,Revolver,,2005,,3,,"Francja, Wielka Brytania","Dramat, Kryminał",2012-4-23
506883,Odlot,Twelve,2010,,3,,"Francja, USA","Dramat, Thriller",2012-4-20
32049,Fanatyk,The Believer,2001,,5,,USA,Dramat,2012-4-20
503360,Krach,,2010,,5,,"Belgia, Francja, Kanada","Dramat, Sensacyjny, Thriller",2012-4-20
608678,Internetowy zabójca,The Craigslist Killer,2011,,5,,USA,"Kryminał, Thriller",2012-4-20
30391,Walentynki,Valentine,2001,,4,,USA,Horror,2012-4-16
147688,Red Eye,,2005,,6,,USA,Thriller,2012-4-16
504776,Igrzyska śmierci,The Hunger Games,2012,,6,,USA,"Akcja, Sci-Fi",2012-4-10
601849,Wyjazd integracyjny,,2011,,2,,Polska,Komedia,2012-4-10
4294,Ryzyko,Boiler Room,2000,,7,,USA,"Dramat, Kryminał, Thriller",2012-3-30
587143,Wymyk,,2011,,5,,Polska,Dramat obyczajowy,2012-3-26
525386,Schronienie,Le Refuge,2009,,3,,Francja,Dramat,2012-3-22
530950,Wszystkie odloty Cheyenne'a,This Must Be the Place,2011,,8,,"Francja, Irlandia, Włochy","Dramat, Komedia",2012-3-20
92296,I uderzył grom,A Sound of Thunder,2005,,2,,"Czechy, Niemcy, USA, Wielka Brytania","Przygodowy, Sci-Fi",2012-3-15
567359,Teksas - Pola śmierci,Texas Killing Fields,2011,,5,,USA,"Dramat, Kryminał, Thriller",2012-3-15
570991,Kobieta w czerni,The Woman in Black,2012,,5,,"Kanada, Szwecja, Wielka Brytania","Dramat, Horror",2012-3-13
153163,W ciszy,The Quiet,2005,,4,,USA,"Dramat, Thriller",2012-3-7
529267,Columbus Circle,,2012,,6,,USA,Thriller,2012-3-5
382376,I wszystko lśni,Sunshine Cleaning,2008,,8,,USA,"Dramat, Komedia",2012-2-28
109311,Czekając na cud,Noel,2004,,5,,"Kanada, USA",Dramat obyczajowy,2012-2-28
399213,Przerwane objęcia,Los Abrazos rotos,2009,,5,,Hiszpania,Thriller,2012-2-28
224473,Killshot,,2008,,5,,USA,"Dramat, Thriller, Akcja",2012-2-28
594620,Brudny glina,Rampart,2011,,6,,USA,"Dramat, Kryminał",2012-2-26
585427,Wspólna tajemnica,Bond of Silence,2010,,5,,USA,Dramat obyczajowy,2012-2-22
584251,Żelazna Dama,The Iron Lady,2011,,5,,"Francja, Wielka Brytania","Biograficzny, Dramat, Polityczny",2012-2-21
583704,Baby są jakieś inne,,2011,,5,,Polska,"Dramat, Komedia",2012-2-21
541346,Krzyżowy ogień,Assassination Games,2011,,5,,USA,"Thriller, Akcja",2012-2-20
260173,Numer 23,The Number 23,2007,,5,,USA,Thriller,2012-2-20
500476,Miasto rozstań,Separation City,2009,,4,,Nowa Zelandia,"Dramat, Komedia, Romans",2012-2-20
33128,Życie za życie,The Life of David Gale,2003,,7,,"Niemcy, USA, Wielka Brytania",Dramat,2012-2-20
349590,Strzelec,Shooter,2007,,6,,USA,Sensacyjny,2012-2-20
562632,1920 Bitwa Warszawska,,2011,,3,,Polska,"Dramat, Wojenny",2012-2-9
537562,Ki,,2011,,5,,Polska,Dramat obyczajowy,2012-2-8
608840,Ósma strona,Page Eight,2011,,5,,Wielka Brytania,"Dramat, Polityczny",2012-2-7
493926,Medium,Hereafter,2010,,4,,USA,"Dramat, Fantasy",2012-2-6
525620,W ciemności,In Darkness,2011,,6,,"Kanada, Niemcy, Polska","Dramat, Wojenny",2012-2-6
605096,Paranormal Activity 3,,2011,,4,,USA,Horror,2012-2-6
544183,Bez litości,I Spit on Your Grave,2010,,6,,USA,Thriller,2012-2-4
938,Mission: Impossible 2,Mission: Impossible II,2000,,4,,"Niemcy, USA",Sensacyjny,2012-1-30
348154,Dwa dni w Paryżu,2 Days in Paris,2007,,8,,"Francja, Niemcy",Komedia rom.,2012-1-30
299155,Krwawa hrabina,The Countess,2009,,5,,"Francja, Niemcy, USA","Thriller, Dramat historyczny",2012-1-30
1103,Wstręt,Repulsion,1965,,6,,Wielka Brytania,"Dramat, Psychologiczny",2012-1-30
599742,Rzeź,Carnage,2011,,7,,"Francja, Hiszpania, Niemcy, Polska","Dramat, Komedia",2012-1-30
506388,Do szpiku kości,Winter's Bone,2010,,7,,USA,"Dramat, Thriller",2012-1-24
563921,Na sprzedaż,Everything Must Go,2010,,6,,USA,"Dramat, Komedia",2012-1-10
220746,Ostrza chwały,Blades of Glory,2007,,5,,USA,"Komedia, Sportowy",2012-1-10
139159,Ricky Bobby - Demon prędkości,Talladega Nights: The Ballad of Ricky Bobby,2006,,6,,USA,"Komedia, Sportowy",2012-1-10
371687,Bracia przyrodni,Step Brothers,2008,,6,,USA,Komedia,2012-1-10
401429,Semi-Pro: Drużyna marzeń?,Semi-Pro,2008,,6,,USA,"Komedia, Sportowy",2012-1-10
190312,Przypadek Harolda Cricka,Stranger Than Fiction,2006,,6,,USA,"Fantasy, Komedia",2012-1-10
286244,Słaby punkt,Fracture,2007,,6,,"Niemcy, USA","Thriller, Dramat sądowy",2012-1-10
619088,Zamiana,Switch,2011,,6,,Francja,"Thriller, Akcja",2012-1-9
575916,Szpieg,Tinker Tailor Soldier Spy,2011,,8,,"Francja, Niemcy, Wielka Brytania","Thriller, Szpiegowski",2012-1-9
548487,The Caller,,2011,,6,,"Wielka Brytania, Portoryko","Kryminał, Thriller",2012-1-6
568905,Chciwość,Margin Call,2011,,7,,USA,"Dramat, Thriller",2012-1-5
587175,Wyścig z czasem,In Time,2011,,5,,USA,"Thriller, Akcja, Sci-Fi",2012-1-4
466716,Było sobie kłamstwo,The Invention of Lying,2009,,4,,USA,Komedia,2012-1-4
490838,Moneyball,,2011,,6,,USA,"Biograficzny, Dramat, Sportowy",2012-1-4
498675,"Wszystko, co kocham",,2009,,6,,Polska,Dramat obyczajowy,2012-1-4
539509,Sala samobójców,,2011,,6,,Polska,"Animacja, Thriller, Romans",2012-1-4
613510,Listy do M.,,2011,,4,,Polska,Komedia rom.,2012-1-4
4759,Mokra robota,Curdled,1996,,7,,USA,Komedia kryminalna,2012-1-2
401773,Coś,The Thing,2011,,6,,"Kanada, USA","Horror, Sci-Fi",2012-1-2
483087,Mission: Impossible - Ghost Protocol,,2011,,6,,"Czechy, USA, Zjednoczone Emiraty Arabskie",Sensacyjny,2012-1-2
530029,Idy marcowe,The Ides of March,2011,,7,,USA,"Dramat, Polityczny",2011-12-30
548338,Sprawa zamknięta,The Son of No One,2011,,5,,USA,"Dramat, Kryminał, Thriller",2011-12-27
98444,Aleksander,Alexander,2004,,3,,"Francja, Holandia, Niemcy, USA, Wielka Brytania, Włochy","Biograficzny, Dramat historyczny",2011-12-26
479595,Niewidzialny znak,An Invisible Sign,2010,,4,,USA,"Dramat, Komedia, Romans",2011-12-26
561046,Retreat,,2011,,7,,Wielka Brytania,"Thriller, Psychologiczny",2011-11-28
209288,W stronę słońca,Sunshine,2007,,6,,"USA, Wielka Brytania",Sci-Fi,2011-11-28
328812,Starcie tytanów,Clash of the Titans,2010,,6,,USA,"Fantasy, Przygodowy",2011-11-28
324810,Star Trek,,2009,,7,,"Niemcy, USA","Akcja, Sci-Fi",2011-11-24
118106,Producenci,The Producers,2005,,7,,USA,"Komedia, Musical",2011-11-21
30481,Przepowiednia,The Mothman Prophecies,2002,,6,,USA,Thriller,2011-11-20
557992,Druga Ziemia,Another Earth,2011,,5,,USA,"Dramat, Sci-Fi",2011-11-13
1137,Uprowadzenie Agaty,,1993,,8,,Polska,"Dramat, Komedia, Romans",2011-11-8
405077,Vicky Cristina Barcelona,,2008,,8,,"Hiszpania, USA",Komedia obycz.,2011-11-5
92181,Fanfan Tulipan,Fanfan la tulipe,2003,,6,,Francja,"Przygodowy, Romans",2011-11-5
262592,"Dobranoc, kochanie",The Good Night,2007,,5,,"Niemcy, USA, Wielka Brytania","Dramat, Komedia, Romans",2011-11-5
95938,Gothika,,2003,,5,,USA,"Horror, Psychologiczny",2011-11-5
32587,Boskie jak diabli,Sin noticias de Dios,2001,,6,,"Francja, Hiszpania, Meksyk, Włochy","Fantasy, Komedia",2011-11-5
1433,Kobieta na topie,Woman on Top,2000,,7,,USA,"Fantasy, Komedia rom.",2011-11-5
31568,Vanilla Sky,,2001,,6,,"Hiszpania, USA","Thriller, Romans, Sci-Fi",2011-11-5
411063,Elegia,Elegy,2008,,6,,USA,Melodramat,2011-11-5
186906,Volver,,2006,,9,,Hiszpania,Obyczajowy,2011-11-5
375872,Ostatni dom po lewej,The Last House on the Left,2009,,7,,USA,Thriller,2011-11-5
457332,Kocham cię od tak dawna,Il y a longtemps que je t'aime,2008,,8,,"Francja, Niemcy",Dramat obyczajowy,2011-11-4
36365,Duża ryba,Big Fish,2003,,7,,USA,"Dramat, Fantasy",2011-11-2
559895,Contagion - Epidemia strachu,Contagion,2011,,6,,"USA, Zjednoczone Emiraty Arabskie","Dramat, Sci-Fi",2011-11-2
264516,Notatki o skandalu,Notes on a Scandal,2006,,6,,Wielka Brytania,"Dramat, Thriller",2011-11-2
558083,Hanna,,2011,,7,,"Niemcy, USA, Wielka Brytania","Thriller, Akcja",2011-11-2
496469,Niepokonani,The Way Back,2010,,5,,"Polska, USA, Zjednoczone Emiraty Arabskie","Przygodowy, Dramat historyczny",2011-11-2
152444,Historia przemocy,A History of Violence,2005,,6,,"Niemcy, USA","Dramat, Thriller",2011-11-2
100189,Cooler,The Cooler,2003,,7,,USA,Melodramat,2011-11-2
1055,Morderstwo pierwszego stopnia,Murder in the First,1995,,7,,"Francja, USA",Dramat sądowy,2011-11-2
297829,Wszystko za życie,Into the Wild,2007,,8,,USA,"Biograficzny, Dramat, Przygodowy",2011-11-2
459973,Bracia,Brothers,2009,,7,,USA,Dramat,2011-11-2
473563,Była sobie dziewczyna,An Education,2009,,7,,"USA, Wielka Brytania",Dramat,2011-11-2
254273,KM 31,Kilómetro 31,2006,,8,,"Hiszpania, Meksyk",Horror,2011-11-2
396403,Dziewiątki,The Nines,2007,,6,,USA,"Dramat, Fantasy",2011-11-2
33969,Schmidt,About Schmidt,2002,,7,,USA,"Dramat, Komedia",2011-11-2
781,Dług,,1999,,7,,Polska,"Dramat, Psychologiczny",2011-10-28
536312,Dom snów,Dream House,2011,,3,,USA,Thriller,2011-10-24
136704,Ludzkie dzieci,Children of Men,2006,,7,,"USA, Wielka Brytania","Dramat, Sci-Fi",2011-10-22
163597,300,,2006,,6,,USA,Dramat historyczny,2011-10-22
502797,Fish Tank,,2009,,7,,"Holandia, Wielka Brytania",Dramat,2011-10-22
444400,Eden Lake,,2008,,8,,Wielka Brytania,Thriller,2011-10-22
34565,The Ring,,2002,,8,,"Japonia, USA",Horror,2011-10-22
6407,Za drzwiami sypialni,In the Bedroom,2001,,6,,USA,Dramat,2011-10-22
544006,Prawnik z Lincolna,The Lincoln Lawyer,2011,,7,,USA,"Kryminał, Thriller",2011-10-22
461946,Zapaśnik,The Wrestler,2008,,7,,"Francja, USA","Dramat obyczajowy, Sportowy",2011-10-22
245851,Tylko strzelaj,Shoot 'Em Up,2007,,6,,USA,Akcja,2011-10-22
107590,Bliżej,Closer,2004,,7,,"USA, Wielka Brytania",Melodramat,2011-10-22
114510,Wykolejony,Derailed,2005,,8,,"USA, Wielka Brytania","Dramat, Thriller",2011-10-22
107554,Nadchodzi Polly,Along Came Polly,2004,,5,,USA,Komedia rom.,2011-10-22
467136,Radio na fali,The Boat That Rocked,2009,,8,,"Francja, Niemcy, Wielka Brytania","Dramat, Komedia, Muzyczny",2011-10-22
432908,Wątpliwość,Doubt,2008,,6,,USA,Dramat obyczajowy,2011-10-22
33340,25. godzina,25th Hour,2002,,6,,USA,"Dramat, Kryminał",2011-10-22
765,Happiness,,1998,,8,,USA,"Dramat, Komedia, Obyczajowy",2011-10-22
132450,"Nim diabeł dowie się, że nie żyjesz",Before the Devil Knows You're Dead,2007,,8,,"USA, Wielka Brytania","Dramat, Thriller",2011-10-22
1488,Czego pragną kobiety,What Women Want,2000,,5,,USA,Komedia rom.,2011-10-22
437619,Po prostu miłość,Last Chance Harvey,2008,,7,,USA,Romans,2011-10-22
99390,to właśnie miłość,love actually,2003,,9,,"Francja, USA, Wielka Brytania",Komedia rom.,2011-10-22
301001,Spokojny człowiek,He Was a Quiet Man,2007,,6,,USA,"Dramat, Thriller",2011-10-22
104547,Sahara,,2005,,4,,"Hiszpania, Niemcy, USA, Wielka Brytania",Przygodowy,2011-10-22
122,Morderstwo doskonałe,A Perfect Murder,1998,,8,,USA,Thriller,2011-10-22
304289,Margot jedzie na ślub,Margot at the Wedding,2007,,6,,USA,"Dramat, Komedia obycz.",2011-10-20
178,Szakal,The Jackal,1997,,7,,"Francja, Japonia, Niemcy, USA, Wielka Brytania",Sensacyjny,2011-10-20
188513,Ultimatum Bourne'a,The Bourne Ultimatum,2007,,9,,"Niemcy, USA",Sensacyjny,2011-10-20
106415,Krucjata Bourne'a,The Bourne Supremacy,2004,,8,,"Niemcy, USA",Sensacyjny,2011-10-20
31497,Tożsamość Bourne'a,The Bourne Identity,2002,,9,,"Czechy, Niemcy, USA",Sensacyjny,2011-10-20
4258,Blow,,2001,,8,,USA,"Biograficzny, Dramat, Kryminał",2011-10-20
4545,Czekolada,Chocolat,2000,,8,,"USA, Wielka Brytania","Dramat, Komedia, Romans",2011-10-20
284374,Niepokój,Disturbia,2007,,8,,USA,Thriller,2011-10-20
272987,Jumper,,2008,,7,,"Kanada, USA","Przygodowy, Sci-Fi",2011-10-20
200939,Węże w samolocie,Snakes on a Plane,2006,,2,,"Kanada, Niemcy, USA","Thriller, Akcja",2011-10-20
943,Przeboje i podboje,High Fidelity,2000,,9,,"USA, Wielka Brytania","Dramat, Komedia rom.",2011-10-20
953,Zakazany owoc,Keeping the Faith,2000,,8,,USA,Komedia rom.,2011-10-20
96204,Starsky i Hutch,Starsky & Hutch,2004,,5,,USA,Komedia kryminalna,2011-10-20
111400,Namiętność,Non ti muovere,2004,,6,,"Hiszpania, Wielka Brytania, Włochy",Melodramat,2011-10-20
1459,Pamięć absolutna,Total Recall,1990,,7,,USA,"Thriller, Akcja, Sci-Fi",2011-10-20
97088,21 gramów,21 Grams,2003,,6,,USA,"Kryminał, Thriller",2011-10-20
1058,Fortepian,The Piano,1993,,8,,"Australia, Francja, Nowa Zelandia","Kostiumowy, Melodramat",2011-10-20
8243,Obcy 3,Alien³,1992,,7,,USA,"Horror, Sci-Fi",2011-10-20
1140,Kingsajz,,1987,,7,,Polska,Komedia,2011-10-20
627,Zostawić Las Vegas,Leaving Las Vegas,1995,,8,,"Francja, USA, Wielka Brytania",Melodramat,2011-10-20
4885,Mroczne miasto,Dark City,1998,,3,,"Australia, USA","Thriller, Sci-Fi",2011-10-20
32014,Epoka lodowcowa,Ice Age,2002,,7,,USA,"Animacja, Komedia, Przygodowy",2011-10-20
391528,Once,,2007,,8,,Irlandia,"Dramat, Romans, Muzyczny",2011-10-20
453743,Jeszcze dalej niż Północ,Bienvenue chez les Ch'tis,2008,,8,,Francja,Komedia,2011-10-20
144,Piąty element,The Fifth Element,1997,,5,,Francja,"Akcja, Sci-Fi",2011-10-20
105575,Kill Bill 2,Kill Bill: Vol. 2,2004,,7,,USA,"Thriller, Akcja",2011-10-20
121413,Piła,Saw,2004,,8,,"Australia, USA",Horror,2011-10-20
104454,Między słowami,Lost in Translation,2003,,5,,"Japonia, USA","Komedia, Melodramat",2011-10-20
777,Cube,,1997,,8,,Kanada,"Thriller, Sci-Fi",2011-10-20
1039,Pulp Fiction,,1994,,10,,USA,Gangsterski,2011-10-20
867,Utalentowany pan Ripley,The Talented Mr. Ripley,1999,,6,,USA,"Dramat, Kryminał, Thriller",2011-10-20
609908,Mokra robota,Setup,2011,,2,,USA,Akcja,2011-10-20
311443,Niezniszczalni,The Expendables,2010,,5,,USA,Akcja,2011-10-20
500891,Incepcja,Inception,2010,,6,,"USA, Wielka Brytania","Surrealistyczny, Thriller, Sci-Fi",2011-10-20
475937,W chmurach,Up in the Air,2009,,7,,USA,"Dramat, Komedia",2011-10-20
7900,Mucha,The Fly,1986,,7,,"Kanada, USA, Wielka Brytania","Horror, Sci-Fi",2011-10-20
1070,Miasteczko Twin Peaks. Ogniu krocz za mną.,Twin Peaks: Fire Walk with Me,1992,,8,,"Francja, USA","Dramat, Thriller",2011-10-20
645,Przed egzekucją,Dead Man Walking,1995,,6,,"USA, Wielka Brytania","Dramat, Kryminał",2011-10-20
1315,Egzorcysta,The Exorcist,1973,,9,,USA,Horror,2011-10-20
1018,Swobodny jeździec,Easy Rider,1969,,8,,USA,Dramat obyczajowy,2011-10-20
1069,Fisher King,The Fisher King,1991,,8,,USA,"Dramat, Komedia",2011-10-20
1085,Blue Velvet,,1986,,6,,USA,Thriller,2011-10-20
845,Pi,,1998,,9,,USA,"Dramat, Thriller",2011-10-20
73,Jackie Brown,,1997,,6,,USA,"Kryminał, Thriller",2011-10-20
873,Magnolia,,1999,,7,,USA,Dramat,2011-10-20
1107,Frantic,,1988,,6,,"Francja, USA","Dramat, Thriller",2011-10-20
30990,Martwica mózgu,Braindead,1992,,8,,Nowa Zelandia,"Horror, Komedia",2011-10-20
681,Nic śmiesznego,,1995,,7,,Polska,"Dramat, Komedia",2011-10-20
984,Thelma i Louise,Thelma & Louise,1991,,7,,"Francja, USA, Wielka Brytania",Dramat,2011-10-20
259289,To nie jest kraj dla starych ludzi,No Country for Old Men,2007,,6,,USA,"Dramat, Thriller",2011-10-20
103907,Symetria,,2003,,6,,Polska,Dramat,2011-10-20
1024,Batman,,1989,,4,,"USA, Wielka Brytania","Fantasy, Akcja",2011-10-20
1210,12 małp,Twelve Monkeys,1995,,7,,USA,"Dramat, Sci-Fi",2011-10-20
98823,Złe wychowanie,La Mala educación,2004,,5,,Hiszpania,"Dramat, Thriller",2011-10-19
33200,Kill Bill,Kill Bill: Vol. 1,2003,,8,,USA,"Thriller, Akcja",2011-10-19
1471,Billy Elliot,,2000,,7,,"Francja, Wielka Brytania","Dramat, Komedia, Muzyczny",2011-10-19
104183,Dróżnik,The Station Agent,2003,,7,,USA,"Dramat, Komedia",2011-10-19
120033,Kontrolerzy,Kontroll,2003,,5,,Węgry,"Dramat, Komedia",2011-10-19
107855,Zakochany bez pamięci,Eternal Sunshine of the Spotless Mind,2004,,6,,USA,"Dramat, Sci-Fi",2011-10-19
108116,Noi Albinoi,Nói albinói,2003,,8,,"Dania, Islandia, Niemcy, Wielka Brytania",Dramat,2011-10-19
33184,Nieodwracalne,Irréversible,2002,,7,,Francja,Dramat,2011-10-19
32380,Godziny,The Hours,2002,,5,,"USA, Wielka Brytania",Dramat,2011-10-19
444536,Przyjeżdża orkiestra,Bikur Ha-Tizmoret,2007,,6,,"Francja, USA, Izrael","Dramat, Komedia, Muzyczny",2011-10-19
208060,Broken Flowers,,2005,,9,,"Francja, USA","Dramat, Komedia",2011-10-19
112584,Sin City - Miasto grzechu,Sin City,2005,,7,,USA,Kryminał,2011-10-19
994,Obcy - decydujące starcie,Aliens,1986,,8,,USA,"Horror, Sci-Fi",2011-10-19
1467,Dym,Smoke,1995,,7,,"Japonia, Niemcy, USA","Dramat, Komedia",2011-10-19
989,Trainspotting,,1996,,7,,Wielka Brytania,Dramat,2011-10-19
624,Zagubiona autostrada,Lost Highway,1997,,7,,"Francja, USA","Dramat, Kryminał, Thriller",2011-10-19
32735,Czyż nie dobija się koni?,"They Shoot Horses, Don't They?",1969,,6,,USA,Dramat,2011-10-19
501868,Poznasz przystojnego bruneta,You Will Meet a Tall Dark Stranger,2010,,6,,"Hiszpania, USA",Komedia obycz.,2011-10-19
480036,"Co nas kręci, co nas podnieca",Whatever Works,2009,,8,,"Francja, USA",Komedia obycz.,2011-10-19
419862,Droga do szczęścia,Revolutionary Road,2008,,9,,"USA, Wielka Brytania",Melodramat,2011-10-19
30630,Mulholland Drive,Mulholland Dr.,2001,,8,,"Francja, USA","Dramat, Thriller",2011-10-19
493189,Samotny mężczyzna,A Single Man,2009,,6,,USA,Dramat,2011-10-19
322815,Prorok,Un prophète,2009,,6,,"Francja, Włochy","Dramat, Kryminał",2011-10-19
467482,Biała wstążka,Das Weisse Band - Eine deutsche Kindergeschichte,2009,,8,,"Austria, Francja, Niemcy, Włochy",Dramat,2011-10-19
470384,Dom zły,,2009,,7,,Polska,"Dramat, Kryminał",2011-10-18
980,"Obcy - 8. pasażer ""Nostromo""",Alien,1979,,8,,"USA, Wielka Brytania","Horror, Sci-Fi",2011-10-18
32888,Biały oleander,White Oleander,2002,,9,,USA,Dramat obyczajowy,2011-10-18
131195,Doom,,2005,,3,,"Czechy, Niemcy, USA, Wielka Brytania","Horror, Akcja",2011-10-18
541045,Szefowie wrogowie,Horrible Bosses,2011,,2,,USA,Komedia kryminalna,2011-10-17
498798,Londyński bulwar,London Boulevard,2010,,7,,"USA, Wielka Brytania","Kryminał, Melodramat",2011-10-14
605702,Łup,La proie,2011,,6,,Francja,"Thriller, Akcja",2011-10-13
337532,Miłość Larsa,Lars and the Real Girl,2007,,6,,"Kanada, USA","Dramat, Komedia",2011-10-12
470641,"Wszystko, co dobre",All Good Things,2010,,7,,USA,"Melodramat, Thriller",2011-10-12
32385,Cube 2,Cube 2: Hypercube,2002,,9,,Kanada,"Thriller, Sci-Fi",2011-10-12
399746,Drive,,2011,,6,,USA,Akcja,2011-10-11
485620,"Skóra, w której żyję",La Piel que habito,2011,,6,,Hiszpania,"Thriller, Psychologiczny",2011-10-11
545796,Elita zabójców,Killer Elite,2011,,5,,"Australia, USA","Thriller, Akcja",2011-10-11
671,Leon zawodowiec,Léon,1994,,8,,Francja,"Dramat, Kryminał",2011-10-3
91994,Basen,Swimming Pool,2003,,8,,"Francja, Wielka Brytania","Erotyczny, Thriller, Psychologiczny",2011-9-5
464212,Skazaniec,Felon,2008,,8,,USA,"Dramat, Kryminał",2011-9-5
453795,Zdrajca,Traitor,2008,,7,,USA,Thriller,2011-9-5
1316,Carrie,,1976,,8,,USA,Horror,2011-9-5
197,Wielkie nadzieje,Great Expectations,1998,,9,,USA,Melodramat,2011-9-5
969,X-Men,,2000,,4,,USA,"Akcja, Sci-Fi",2011-9-5
562509,O północy w Paryżu,Midnight in Paris,2011,,5,,"Hiszpania, USA","Fantasy, Komedia rom.",2011-9-5
489280,X-Men: Pierwsza klasa,X-Men: First Class,2011,,7,,"USA, Wielka Brytania","Akcja, Sci-Fi",2011-9-3
901,Nie lubię poniedziałku,,1971,,6,,Polska,Komedia obycz.,2011-9-1
30680,Piknik pod Wiszącą Skałą,Picnic at Hanging Rock,1975,,6,,Australia,Dramat,2011-9-1
992,Terminator 2: Dzień sądu,Terminator 2: Judgment Day,1991,,8,,"Francja, USA","Akcja, Sci-Fi",2011-9-1
1046,Taksówkarz,Taxi Driver,1976,,8,,USA,Dramat,2011-9-1
1275,Mechaniczna pomarańcza,A Clockwork Orange,1971,,10,,"USA, Wielka Brytania","Dramat, Sci-Fi",2011-9-1
1321,Psychoza,Psycho,1960,,7,,USA,Thriller,2011-9-1
1177,Rozmowy kontrolowane,,1991,,8,,Polska,Komedia,2011-9-1
124098,Wesele,,2004,,7,,Polska,"Dramat, Komedia",2011-9-1
520943,Zła kobieta,Bad Teacher,2011,,3,,USA,Komedia,2011-9-1
6857,"Kotka na gorącym, blaszanym dachu",Cat on a Hot Tin Roof,1958,,6,,USA,Dramat,2011-9-1
558709,Geneza planety małp,Rise of the Planet of the Apes,2011,,6,,USA,"Dramat, Akcja, Sci-Fi",2011-8-9
113329,Vinci,,2004,,7,,Polska,Komedia kryminalna,2011-8-8
476021,Harry Potter i Insygnia Śmierci: Część II,Harry Potter and the Deathly Hallows: Part 2,2011,,4,,"USA, Wielka Brytania","Familijny, Fantasy, Przygodowy",2011-8-8
545488,Debiutanci,Beginners,2010,,8,,USA,"Dramat, Komedia",2011-8-8
1163,Seksmisja,,1983,,9,,Polska,"Komedia, Sci-Fi",2011-8-4
751,Rejs,,1970,tak,10,,Polska,Komedia,2011-8-4
123383,Ciekawy przypadek Benjamina Buttona,The Curious Case of Benjamin Button,2008,,3,,USA,"Fantasy, Melodramat",2011-8-4
450915,Jestem na tak,Yes Man,2008,,5,,"Australia, USA",Komedia rom.,2011-8-4
5994,Głupi i głupszy,Dumb & Dumber,1994,,5,,USA,Komedia,2011-8-4
896,Miś,,1980,tak,10,,Polska,Komedia,2011-8-4
439908,Lejdis,,2008,,6,,Polska,Komedia,2011-8-4
487211,Kac Vegas,The Hangover,2009,,3,,"Niemcy, USA",Komedia,2011-8-4
1089,Ojciec chrzestny,The Godfather,1972,,7,,USA,"Dramat, Gangsterski",2011-8-4
32359,Czerwony smok,Red Dragon,2002,,4,,"Niemcy, USA",Thriller,2011-8-4
386028,Wanted - Ścigani,Wanted,2008,,1,,"Niemcy, USA",Akcja,2011-8-4
236351,Mroczny Rycerz,The Dark Knight,2008,,7,,"USA, Wielka Brytania","Akcja, Sci-Fi",2011-8-4
702,Siedem,Se7en,1995,,7,,USA,"Kryminał, Thriller",2011-8-4
8823,Powrót do przyszłości,Back to the Future,1985,,6,,USA,"Komedia, Przygodowy, Sci-Fi",2011-8-4
97112,Rzeka tajemnic,Mystic River,2003,,5,,"Australia, USA",Thriller,2011-8-4
1093,Zapach kobiety,Scent of a Woman,1992,,5,,USA,Dramat,2011-8-4
5158,Donnie Darko,,2001,,5,,USA,Dramat,2011-8-4
111532,Pan życia i śmierci,Lord of War,2005,,5,,"Francja, Niemcy, USA",Dramat,2011-8-4
124119,Hooligans,,2005,,5,,"USA, Wielka Brytania",Dramat,2011-8-4
30633,Więzień nienawiści,American History X,1998,,6,,USA,Dramat,2011-8-4
123697,Za wszelką cenę,Million Dollar Baby,2004,,7,,USA,Dramat,2011-8-4
459974,Siedem dusz,Seven Pounds,2008,,4,,USA,Dramat,2011-8-4
476580,Gran Torino,,2008,,6,,"Niemcy, USA",Dramat,2011-8-4
468296,Slumdog. Milioner z ulicy,Slumdog Millionaire,2008,,5,,Wielka Brytania,Dramat,2011-8-4
210898,Babel,,2006,,5,,"Francja, Meksyk, USA",Dramat,2011-8-4
1222,Filadelfia,Philadelphia,1993,,5,,USA,Dramat,2011-8-4
1470,Cast Away - poza światem,Cast Away,2000,,6,,USA,Dramat,2011-8-4
124613,Kod da Vinci,The Da Vinci Code,2006,,2,,"Francja, USA, Wielka Brytania, Malta",Thriller,2011-8-4
208687,1408,,2007,,3,,USA,Horror,2011-8-4
1020,Lśnienie,The Shining,1980,,7,,"USA, Wielka Brytania",Horror,2011-8-4
1237,Misery,,1990,,7,,USA,Thriller,2011-8-4
98586,Sekretne okno,Secret Window,2004,,3,,USA,Thriller,2011-8-4
238725,Mgła,The Mist,2007,,7,,USA,Horror,2011-8-4
1047,Milczenie owiec,The Silence of the Lambs,1991,,7,,USA,Thriller,2011-8-4
40252,Efekt motyla,The Butterfly Effect,2004,,6,,"Kanada, USA","Thriller, Sci-Fi",2011-8-4
108931,Mr. & Mrs. Smith,,2005,,6,,USA,Akcja,2011-8-4
299113,Avatar,,2009,,4,,"USA, Wielka Brytania",Sci-Fi,2011-8-4
2,Adwokat diabła,The Devil's Advocate,1997,,7,,"Niemcy, USA",Thriller,2011-8-4
1048,Skazani na Shawshank,The Shawshank Redemption,1994,,8,,USA,Dramat,2011-8-4
862,Zielona mila,The Green Mile,1999,,6,,USA,Dramat,2011-8-4
998,Forrest Gump,,1994,,6,,USA,"Dramat, Komedia",2011-8-4
180040,V jak Vendetta,V for Vendetta,2005,,4,,"Niemcy, USA, Wielka Brytania","Thriller, Sci-Fi",2011-8-4
189,Truman Show,The Truman Show,1998,,6,,USA,"Dramat, Komedia, Sci-Fi",2011-8-4
836,American Beauty,,1999,,7,,USA,"Dramat, Komedia",2011-8-4
137747,Bękarty wojny,Inglourious Basterds,2009,,6,,"Niemcy, USA",Wojenny,2011-8-4
825,Szósty zmysł,The Sixth Sense,1999,,7,,USA,Thriller,2011-8-4
9509,Shrek,,2001,,6,,USA,"Animacja, Familijny, Komedia",2011-8-4
837,Podziemny krąg,Fight Club,1999,,7,,"Niemcy, USA","Thriller, Psychologiczny",2011-8-4
936,Gladiator,,2000,,4,,"USA, Wielka Brytania",Dramat historyczny,2011-8-4
9136,Requiem dla snu,Requiem for a Dream,2000,,7,,USA,Dramat,2011-8-4
628,Matrix,The Matrix,1999,,8,,"Australia, USA","Akcja, Sci-Fi",2011-8-4
