,id,tytułpolski,tytułoryginalny,rokprodukcji,ulubione,ocena,komentarz,krajprodukcji,gatunek,data
0,816979,Na noże,Knives Out,2019,,8,,USA,"Dramat, Komedia kryminalna",2019-12-10
1,275067,Podróż do wnętrza Ziemi,Journey to the Center of the Earth,2008,,1,,USA,"Przygodowy, Sci-Fi",2019-11-11
2,723372,Terminator: Mroczne przeznaczenie,Terminator: Dark Fate,2019,,5,,"Chiny, USA","Akcja, Sci-Fi",2019-11-10
3,816982,To my,Us,2019,,5,,"Chiny, Japonia, USA",Thriller,2019-11-1
4,5203,Droga do Wellville,The Road to Wellville,1994,,7,,"USA, Wielka Brytania","Dramat, Komedia",2019-10-29
5,6876,Król komedii,The King of Comedy,1982,,9,,USA,"Dramat, Komedia",2019-10-20
6,37961,Smokiem i mieczem,George and the Dragon,2004,,6,,"Luksemburg, Niemcy, USA, Wielka Brytania","Fantasy, Przygodowy",2019-10-12
7,810167,Joker,,2019,tak,10,,"Kanada, USA","Dramat, Kryminał",2019-10-8
8,10472,Bilardzista,The Hustler,1961,,9,,USA,Dramat,2019-10-6
9,1033,Chłopcy z ferajny,Goodfellas,1990,,8,,USA,"Dramat, Gangsterski",2019-10-5
10,792557,Ad Astra,,2019,,7,,"Brazylia, Chiny, USA","Thriller, Sci-Fi",2019-9-30
11,809630,Green Book,,2018,,8,,USA,"Dramat, Komedia",2019-9-28
12,777911,Agentka specjalnej troski,Raid dingue,2016,,6,,"Belgia, Francja","Komedia, Akcja",2019-9-19
13,11312,Uciekinier,The Running Man,1987,,8,,USA,"Akcja, Sci-Fi",2019-9-18
14,793838,To: Rozdział 2,It: Chapter Two,2019,,6,,"Kanada, USA",Horror,2019-9-11
15,583006,Mistrz,The Master,2012,,7,,USA,Dramat,2019-9-9
16,32026,Upadek Cesarstwa Rzymskiego,The Fall of the Roman Empire,1964,,6,,USA,"Kostiumowy, Dramat historyczny",2019-9-7
17,33313,Jazon i Argonauci,Jason and the Argonauts,1963,,5,,"USA, Wielka Brytania","Fantasy, Przygodowy",2019-9-4
18,696071,T2: Trainspotting,,2017,,7,,Wielka Brytania,Dramat,2019-9-4
19,804561,Pewnego razu... w Hollywood,Once Upon a Time ... in Hollywood,2019,,8,,"USA, Wielka Brytania","Dramat, Kryminał",2019-9-4
20,829669,Jestem matką,I Am Mother,2019,,5,,Australia,"Thriller, Sci-Fi",2019-8-16
21,741192,Renegaci,Renegades,2017,,3,,"Belgia, Francja, Niemcy, USA",Akcja,2019-8-9
22,776316,Król Lew,The Lion King,2019,,8,,USA,"Animacja, Familijny, Przygodowy",2019-8-5
23,6419,W paszczy szaleństwa,In the Mouth of Madness,1994,,8,,USA,Horror,2019-8-4
24,485620,"Skóra, w której żyję",La Piel que habito,2011,,7,,Hiszpania,"Thriller, Psychologiczny",2019-8-3
25,483446,Dorian Gray,,2009,,8,,Wielka Brytania,"Dramat, Fantasy, Thriller",2019-7-31
26,31326,Hellraiser: Wysłannik piekieł,Hellraiser,1987,,7,,Wielka Brytania,Horror,2019-7-25
27,655799,Porachunki,The Family,2013,,6,,"Francja, USA",Komedia kryminalna,2019-7-14
28,638531,Sekstaśma,Sex Tape,2014,,4,Za siłą wciskany product placement 2 oczka w d&oacute;ł.,USA,Komedia,2019-6-26
29,32071,Zmierzch tytanów,Clash of the Titans,1981,,6,,USA,"Fantasy, Przygodowy",2019-6-14
30,119046,Spacer po linie,Walk the Line,2005,,8,,"Niemcy, USA","Biograficzny, Muzyczny",2019-6-14
31,785620,Zabójcze maszyny,Mortal Engines,2018,,5,,"Nowa Zelandia, USA",Sci-Fi,2019-6-14
32,790542,Avengers: Koniec gry,Avengers: Endgame,2019,,5,,USA,"Akcja, Sci-Fi",2019-5-23
33,698052,San Andreas,,2015,,2,,"Australia, USA",Katastroficzny,2019-5-5
34,795910,Drapacz chmur,Skyscraper,2018,,2,,USA,Akcja,2019-5-4
35,810299,Nic do ukrycia,Le jeu,2018,,4,,Francja,Komedia,2019-5-4
36,792285,Wilkołak,,2018,,8,,"Holandia, Niemcy, Polska","Dramat, Horror",2019-4-8
37,802456,Johnny English: Nokaut,Johnny English Strikes Again,2018,,7,,"Francja, USA, Wielka Brytania","Komedia, Szpiegowski",2019-3-23
38,30700,Nosferatu - symfonia grozy,"Nosferatu, eine Symphonie des Grauens",1922,,9,,Niemcy,"Horror, Niemy",2019-3-16
39,448713,Projekt: Monster,Cloverfield,2008,,9,,USA,"Akcja, Sci-Fi",2019-3-16
40,795520,Źle się dzieje w El Royale,Bad Times at the El Royale,2018,,4,,USA,Thriller,2019-3-16
41,629688,Raid,Serbuan maut,2011,,8,,"Francja, USA, Indonezja",Akcja,2019-3-16
42,700887,Trailer Park Boys 3: Don't Legalize It,,2014,,8,,Kanada,"Dramat, Komedia, Kryminał",2019-3-8
43,8769,Pollock,,2000,,7,,USA,"Biograficzny, Dramat",2019-3-5
44,31568,Vanilla Sky,,2001,,9,,"Hiszpania, USA","Thriller, Romans, Sci-Fi",2019-2-24
45,102,Mafia!,Jane Austen's Mafia!,1998,,4,,USA,Komedia kryminalna,2019-2-22
46,6613,Przystojniak,Johnny Handsome,1989,,7,,USA,"Dramat, Kryminał, Thriller",2019-2-22
47,807157,Upgrade,,2018,,8,,Australia,"Akcja, Sci-Fi",2019-2-16
48,797361,Zwierzęta Ameryki,American Animals,2018,,8,,USA,"Dramat, Kryminał",2019-2-8
49,807561,Czarne bractwo. BlacKkKlansman,BlacKkKlansman,2018,,8,,USA,"Biograficzny, Dramat, Kryminał",2019-1-23
50,682272,Kingsman: Tajne służby,Kingsman: The Secret Service,2014,,8,,"USA, Wielka Brytania","Akcja, Komedia kryminalna",2019-1-23
51,1127,Danton,,1982,,8,,"Francja, Polska","Biograficzny, Dramat historyczny",2019-1-13
52,69,Idioci,Idioterne,1998,,8,,"Dania, Francja, Hiszpania, Holandia, Szwecja, Włochy","Dramat, Komedia",2019-1-11
53,596855,Batman: Rok Pierwszy,Batman: Year One,2011,,8,,USA,"Animacja, Akcja, Sci-Fi",2019-1-6
54,726369,Nie otwieraj oczu,Bird Box,2018,,7,,USA,"Thriller, Sci-Fi",2019-1-6
55,549085,Aquaman,,2018,,5,,"Australia, USA","Akcja, Sci-Fi",2019-1-3
56,714387,Power Rangers,,2017,,7,,"Hongkong, Japonia, Kanada, Meksyk, Nowa Zelandia, USA","Akcja, Sci-Fi",2019-1-2
57,519906,Venom,,2018,,7,,"Chiny, USA","Akcja, Sci-Fi",2018-12-27
58,797584,Day of the Dead: Bloodline,,2018,,3,,"USA, Bułgaria",Horror,2018-12-20
59,38828,Maniakalny gliniarz,Maniac Cop,1988,,6,,USA,Horror,2018-12-19
60,33861,Hidalgo - ocean ognia,Hidalgo,2004,,6,,USA,Przygodowy,2018-12-16
61,30921,Spadaj na ziemię,Down to Earth,2001,,4,,"Kanada, Niemcy, USA",Komedia,2018-12-15
62,11951,Zardoz,,1974,,8,,Wielka Brytania,Sci-Fi,2018-12-12
63,714713,Patient Zero,,2018,,5,,Wielka Brytania,Horror,2018-12-8
64,657891,Blue Jasmine,,2013,,7,,USA,Dramat,2018-12-8
65,493189,Samotny mężczyzna,A Single Man,2009,,8,,USA,Dramat,2018-12-8
66,34942,Henry - Portret seryjnego mordercy,Henry: Portrait of a Serial Killer,1986,,8,,USA,"Kryminał, Thriller",2018-12-1
67,530029,Idy marcowe,The Ides of March,2011,,7,,USA,"Dramat, Polityczny",2018-12-1
68,107554,Nadchodzi Polly,Along Came Polly,2004,,6,,USA,Komedia rom.,2018-12-1
69,479892,Mary i Max,Mary and Max,2009,,8,,Australia,"Animacja, Dramat, Komedia",2018-12-1
70,19,Boogie Nights,,1997,,7,,USA,Dramat,2018-11-28
71,803331,Mandy,,2018,,6,,"Belgia, USA, Wielka Brytania",Horror,2018-11-24
72,32580,Straż wiejska,Super Troopers,2001,,8,,USA,Komedia kryminalna,2018-11-19
73,98140,Miasteczko Salem,'Salem's Lot,2004,,7,,USA,Horror,2018-11-18
74,393843,Straż wiejska 2,Super Troopers 2,2018,,8,,USA,Komedia kryminalna,2018-11-17
75,710839,Areszt domowy,Housebound,2014,,9,,Nowa Zelandia,"Horror, Komedia",2018-11-12
76,767751,Przebudzenie dusz,Ghost Stories,2017,,7,,Wielka Brytania,Horror,2018-11-11
77,716735,Gra Geralda,Gerald's Game,2017,,7,,USA,Thriller,2018-11-10
78,143537,Seks to nie wszystko,Lie with Me,2005,,3,song to song w wersji erotycznej.,Kanada,"Erotyczny, Melodramat",2018-11-10
79,743465,Pustka,The Void,2016,,9,,Kanada,Horror,2018-10-31
80,810503,7 uczuć,,2018,,8,Słodko-Gorzki,Polska,"Dramat, Komedia",2018-10-31
81,760651,Hotel Transylwania 3,Hotel Transylvania 3: Summer Vacation,2018,,7,,USA,"Animacja, Familijny, Komedia",2018-10-18
82,736411,Baby Driver,,2017,,4,,"USA, Wielka Brytania","Komedia, Akcja",2018-10-17
83,8277,Odległy ląd,Outland,1981,,5,,Wielka Brytania,"Sensacyjny, Sci-Fi",2018-10-9
84,9239,Rosencrantz i Guildenstern nie żyją,Rosencrantz & Guildenstern Are Dead,1990,,8,,"USA, Wielka Brytania","Dramat, Komedia",2018-10-9
85,11917,"Zagraj to jeszcze raz, Sam","Play It Again, Sam",1972,,8,,USA,Komedia,2018-10-9
86,726013,"Człowiek, który zabił Don Kichota",The Man Who Killed Don Quixote,2018,,8,,"Belgia, Francja, Hiszpania, Portugalia, Wielka Brytania","Komedia, Przygodowy",2018-9-28
87,723027,Predator,The Predator,2018,,7,,"Kanada, USA","Akcja, Sci-Fi",2018-9-27
88,795665,Juliusz,,2018,,7,,Polska,Komedia,2018-9-20
89,107642,Casino Royale,,2006,,7,,"Czechy, Niemcy, USA, Wielka Brytania, Bahamy",Sensacyjny,2018-9-13
90,807784,A może by tak trójkącik?,Le trip à trois,2017,,7,,Kanada,Komedia,2018-9-6
91,729157,Czarownica: Bajka ludowa z Nowej Anglii,The VVitch: A New-England Folktale,2015,,8,,"Brazylia, Kanada, USA, Wielka Brytania",Horror,2018-9-5
92,474708,Agora,Ágora,2009,,9,,Hiszpania,Dramat historyczny,2018-8-18
93,102598,Wij,Viy,1967,,8,,ZSRR,"Fantasy, Horror",2018-8-18
94,139428,Idiokracja,Idiocracy,2006,,7,,USA,"Komedia, Sci-Fi",2018-8-18
95,33288,Spirited Away: W krainie Bogów,Sen to Chihiro no Kamikakushi,2001,,8,,Japonia,"Fantasy, Przygodowy, Anime",2018-8-17
96,657525,Wielki Mur,The Great Wall,2016,,3,,"Australia, Chiny, Hongkong, Kanada, USA","Fantasy, Przygodowy",2018-8-16
97,607382,Wada ukryta,Inherent Vice,2014,,7,,USA,Kryminał,2018-8-13
98,803413,Neapol spowity tajemnicą,Napoli velata,2017,,7,,Włochy,Thriller,2018-8-3
99,658317,Wielkie piękno,La grande bellezza,2013,,9,,"Francja, Włochy","Dramat, Komedia",2018-8-3
100,119849,Koniec świata,Southland Tales,2006,,10,,"Francja, Niemcy, USA","Dramat, Komedia, Sci-Fi",2018-7-30
101,563486,Pionek,Pawn Sacrifice,2014,,8,,USA,"Biograficzny, Dramat",2018-7-29
102,791088,Berek,Tag,2018,,6,,USA,Komedia,2018-7-26
103,238307,Wij,Viy,2014,,7,,"Czechy, Niemcy, Rosja, Ukraina, Wielka Brytania","Fantasy, Przygodowy",2018-7-2
104,707938,Spring,,2014,,9,,USA,"Horror, Romans, Sci-Fi",2018-6-26
105,809298,The Hollow Child,,2017,,3,,Kanada,Thriller,2018-6-23
106,802930,Dziedzictwo. Hereditary,Hereditary,2018,,6,,USA,"Dramat, Horror",2018-6-23
107,795734,Endless,The Endless,2017,,8,,USA,"Horror, Sci-Fi",2018-6-23
108,807467,Zemsta,Revenge,2017,,8,,"Belgia, Francja","Thriller, Akcja",2018-6-23
109,758909,Jurassic World: Upadłe królestwo,Jurassic World: Fallen Kingdom,2018,,7,,USA,"Przygodowy, Sci-Fi",2018-6-13
110,772805,Atak paniki,,2017,,3,,Polska,"Dramat, Komedia",2018-6-10
111,258739,Krudowie,The Croods,2013,,5,,USA,"Animacja, Familijny, Komedia, Przygodowy",2018-6-3
112,121935,Przez ciemne zwierciadło,A Scanner Darkly,2006,,8,,USA,"Animacja, Thriller, Sci-Fi",2018-6-2
113,660451,Pod Mocnym Aniołem,,2014,,6,,Polska,Dramat,2018-6-1
114,714149,Han Solo: Gwiezdne wojny - historie,Solo: A Star Wars Story,2018,,6,,USA,"Przygodowy, Sci-Fi",2018-5-30
115,604188,Apollo 18,,2011,,6,,"Kanada, USA","Thriller, Sci-Fi",2018-5-27
116,451718,Sposób na gangstera,Perrier's Bounty,2009,,6,,"Irlandia, Wielka Brytania","Dramat, Komedia kryminalna",2018-5-6
117,775228,Nigdy cię tu nie było,You Were Never Really Here,2017,,8,,"Francja, USA, Wielka Brytania","Dramat, Thriller",2018-5-5
118,757913,Wieczór gier,Game Night,2018,tak,8,,USA,Komedia,2018-4-25
119,33325,Lewy sercowy,Punch-Drunk Love,2002,,8,,USA,"Dramat, Komedia, Romans",2018-4-20
120,795912,Ciche miejsce,A Quiet Place,2018,,6,,USA,"Horror, Sci-Fi",2018-4-19
121,625060,Byzantium,,2012,,7,,"Irlandia, USA, Wielka Brytania","Dramat, Horror",2018-4-6
122,5176,Poza prawem,Down by Law,1986,,6,,"USA, RFN","Dramat, Komedia kryminalna",2018-4-6
123,597224,Strażnicy marzeń,Rise of the Guardians,2012,,6,,USA,"Animacja, Familijny, Fantasy, Przygodowy",2018-4-6
124,712974,Baranek Shaun. Film,Shaun the Sheep Movie,2015,,6,,"Francja, Wielka Brytania","Animacja, Familijny, Przygodowy",2018-4-6
125,674704,Paradoks Cloverfield,The Cloverfield Paradox,2018,,5,,USA,Sci-Fi,2018-4-6
126,109908,Czarna Dalia,The Black Dahlia,2006,,6,,"Francja, Niemcy, USA",Kryminał,2018-3-28
127,545,Miasteczko Pleasantville,Pleasantville,1998,,7,,USA,"Dramat, Fantasy, Komedia",2018-3-25
128,674146,Mumia,The Mummy,2017,,3,,"Chiny, Japonia, USA","Fantasy, Przygodowy",2018-3-24
129,730844,Anihilacja,Annihilation,2018,,9,,"USA, Wielka Brytania","Thriller, Sci-Fi",2018-3-21
130,30701,Dwunastu gniewnych ludzi,12 Angry Men,1957,,10,,USA,Dramat sądowy,2018-3-11
131,715712,Pan Idealny,Mr. Right,2015,,7,,USA,"Akcja, Komedia rom.",2018-3-9
132,775970,Kształt wody,The Shape of Water,2017,,5,,USA,Fantasy,2018-3-5
133,714192,Nienawistna ósemka,The Hateful Eight,2015,,5,,USA,Western,2018-3-4
134,767406,"Trzy billboardy za Ebbing, Missouri","Three Billboards Outside Ebbing, Missouri",2017,,8,,"USA, Wielka Brytania","Dramat, Komedia, Kryminał",2018-2-22
135,790295,Redwood,,2017,,2,,Wielka Brytania,Horror,2018-2-17
136,779051,Tajemnica Marrowbone,El secreto de Marrowbone,2017,,3,,"Hiszpania, USA","Dramat, Thriller",2018-2-17
137,796989,Escape Room,,2017,,1,,USA,Horror,2018-2-17
138,776042,Winchester. Dom duchów,Winchester,2018,,6,,"Australia, USA",Horror,2018-2-17
139,123413,Batman: Maska Batmana,Batman: Mask of the Phantasm,1993,,6,,USA,"Animacja, Familijny, Fantasy, Akcja",2018-2-10
140,98249,Perfect Blue,,1997,,6,,Japonia,"Thriller, Anime",2018-2-9
141,732758,Panie Dulskie,,2015,,5,,Polska,Komedia obycz.,2018-1-29
142,494920,Defendor,,2009,,8,,"Kanada, USA, Wielka Brytania",Dramat,2018-1-26
143,540267,Super,,2010,,7,,USA,"Dramat, Komedia",2018-1-22
144,209288,W stronę słońca,Sunshine,2007,,8,,"USA, Wielka Brytania",Sci-Fi,2018-1-20
145,9009,Płytki grób,Shallow Grave,1994,,7,,Wielka Brytania,Czarna komedia,2018-1-20
146,728037,Tales of Halloween,,2015,,6,,USA,"Horror, Nowele filmowe",2018-1-12
147,703065,Przychodzi facet do lekarza,Supercondriaque,2014,,7,,"Belgia, Francja",Komedia,2018-1-6
148,371687,Bracia przyrodni,Step Brothers,2008,,7,,USA,Komedia,2018-1-1
149,671051,Gwiezdne wojny: Przebudzenie Mocy,Star Wars: Episode VII - The Force Awakens,2015,,5,,USA,"Przygodowy, Sci-Fi",2017-12-19
150,1465,Gwiezdne wojny: Część II - Atak klonów,Star Wars: Episode II - Attack of the Clones,2002,,6,,USA,"Przygodowy, Sci-Fi",2017-12-19
151,671049,Gwiezdne wojny: Ostatni Jedi,Star Wars: The Last Jedi,2017,,5,,USA,"Przygodowy, Sci-Fi",2017-12-19
152,786678,The Square,,2017,tak,10,,"Dania, Francja, Niemcy, Szwecja",Komedia,2017-12-10
153,723658,Co ty wiesz o swoim dziadku?,Dirty Grandpa,2016,,1,,USA,Komedia,2017-12-10
154,419862,Droga do szczęścia,Revolutionary Road,2008,,8,,"USA, Wielka Brytania",Melodramat,2017-12-6
155,107712,Czarownica,Bewitched,2005,,3,,USA,"Fantasy, Komedia rom.",2017-11-26
156,769844,Na pokuszenie,The Beguiled,2017,,7,,USA,Dramat,2017-11-9
157,517573,Riddick,,2013,,3,,"USA, Wielka Brytania","Akcja, Sci-Fi",2017-11-6
158,924,Pitch Black,,2000,,5,,USA,"Akcja, Sci-Fi",2017-11-6
159,465839,Śmierć nadejdzie dziś,Happy Death Day,2017,,7,,USA,Horror,2017-11-6
160,760272,mother!,Mother!,2017,tak,10,,USA,Horror,2017-11-4
161,707970,Thor: Ragnarok,,2017,,7,,USA,"Fantasy, Przygodowy",2017-11-2
162,738870,Szpiedzy z sąsiedztwa,Keeping Up with the Joneses,2016,,7,,USA,Komedia,2017-10-28
163,710264,Geostorm,,2017,,3,,USA,"Sci-Fi, Katastroficzny",2017-10-26
164,772939,Aplik@cja,Bedeviled,2016,,4,,USA,Horror,2017-10-14
165,7851,Mortal Kombat,,1995,,8,,USA,"Fantasy, Akcja",2017-10-13
166,630798,Blade Runner 2049,,2017,tak,10,,"Kanada, USA, Węgry, Wielka Brytania","Thriller, Sci-Fi",2017-10-13
167,720384,Mężczyźni i kurczaki,Mænd og høns,2015,,7,,"Dania, Niemcy","Dramat, Komedia",2017-10-10
168,698207,Twój Vincent,Loving Vincent,2017,,10,,"Polska, Wielka Brytania","Animacja, Dramat, Kryminał",2017-10-6
169,713866,Dziewczyny śmierci,The Final Girls,2015,,7,,USA,"Horror, Komedia",2017-9-28
170,32482,Zabity na śmierć,Murder by Death,1976,,6,,USA,"Thriller, Komedia kryminalna",2017-9-28
171,571114,To,It,2017,,8,,"Kanada, USA",Horror,2017-9-21
172,633858,Michael Kohlhaas,,2013,,8,,"Francja, Niemcy",Dramat historyczny,2017-9-19
173,1422,Tytus Andronikus,Titus,1999,,8,,"USA, Wielka Brytania, Włochy",Dramat,2017-9-17
174,571188,Kolonia,The Colony,2013,,6,,Kanada,"Thriller, Sci-Fi",2017-9-9
175,4475,Oko kota,Cat's Eye,1985,,7,,USA,"Horror, Komedia, Nowele filmowe",2017-9-9
176,544699,Taśmy Watykanu,The Vatican Tapes,2015,,3,,USA,Horror,2017-8-18
177,700190,Wojna o planetę małp,War for the Planet of the Apes,2017,,7,,"Kanada, Nowa Zelandia, USA","Dramat, Akcja, Sci-Fi",2017-8-10
178,706209,Kapitan Ameryka: Wojna bohaterów,Captain America: Civil War,2016,,3,,USA,"Akcja, Sci-Fi",2017-8-6
179,779305,To przychodzi po zmroku,It Comes at Night,2017,,7,,USA,Horror,2017-7-27
180,791,Buena Vista Social Club,,1999,,3,"Muzyka super, ale jako dokument bardzo słaby :( Niewiele się dowiadujemy poza tym co można przeczytać na wiki.","Francja, Kuba, Niemcy, USA, Wielka Brytania","Dokumentalny, Muzyczny",2017-7-13
181,397071,"Najpierw strzelaj, potem zwiedzaj",In Bruges,2008,,8,,"USA, Wielka Brytania","Dramat, Komedia, Kryminał",2017-6-22
182,568216,Król Artur: Legenda miecza,King Arthur: Legend of the Sword,2017,,7,,USA,"Dramat, Przygodowy",2017-6-22
183,201190,Wonder Woman,,2017,,7,,"Chiny, Hongkong, USA","Akcja, Sci-Fi",2017-6-15
184,747480,Baba Jaga,Don't Knock Twice,2016,,5,,Wielka Brytania,Horror,2017-6-12
185,702950,Lobster,The Lobster,2015,,7,,"Francja, Grecja, Holandia, Irlandia, Wielka Brytania",Thriller,2017-6-11
186,556038,Bez smyczy,Hall Pass,2011,,4,,USA,Komedia,2017-6-11
187,478458,Pandorum,,2009,,8,,"Niemcy, USA","Horror, Akcja, Sci-Fi",2017-6-4
188,739057,Song to Song,,2017,,3,Pretensjonalny,USA,"Dramat, Muzyczny",2017-5-24
189,262220,Doomsday,,2008,,6,,"Niemcy, RPA, USA, Wielka Brytania","Akcja, Sci-Fi",2017-5-22
190,323196,Niewiarygodny Burt Wonderstone,The Incredible Burt Wonderstone,2013,,8,,USA,Komedia,2017-5-18
191,665400,Obcy: Przymierze,Alien: Covenant,2017,,5,,"USA, Wielka Brytania","Horror, Sci-Fi",2017-5-17
192,467792,Legion,,2010,,6,,USA,"Fantasy, Horror, Akcja",2017-5-12
193,750704,Uciekaj!,Get Out,2017,,6,,USA,Horror,2017-5-11
194,3929,Armia Boga,The Prophecy,1995,,5,,USA,"Fantasy, Thriller",2017-5-8
195,752541,Dzikie łowy,Hunt for the Wilderpeople,2016,,7,,Nowa Zelandia,"Dramat, Komedia, Przygodowy",2017-4-23
196,749516,Koszmarna opowieść wigilijna,A Christmas Horror Story,2015,,4,,Kanada,"Horror, Nowele filmowe",2017-4-22
197,644574,Czego dusza zapragnie,Absolutely Anything,2015,,6,,"USA, Wielka Brytania","Komedia, Sci-Fi",2017-4-22
198,464231,Megan Is Missing,,2011,,6,,USA,"Dramat, Horror",2017-4-22
199,741913,Wszechstronna dziewczyna,The Girl with All the Gifts,2016,,3,,"USA, Wielka Brytania","Dramat, Horror",2017-4-19
200,655878,Carol,,2015,,6,,"USA, Wielka Brytania",Melodramat,2017-4-17
201,537275,Pamięć absolutna,Total Recall,2012,,4,,"Kanada, USA","Thriller, Akcja, Sci-Fi",2017-4-17
202,752725,Dobrze się kłamie w miłym towarzystwie,Perfetti sconosciuti,2016,,8,,Włochy,"Dramat, Komedia",2017-4-15
203,646395,Ona,Her,2013,,8,,USA,"Melodramat, Sci-Fi",2017-4-15
204,1321,Psychoza,Psycho,1960,,8,,USA,Thriller,2017-4-14
205,744969,Zwierzęta nocy,Nocturnal Animals,2016,,9,,USA,Thriller,2017-4-13
206,486822,Ghost in the Shell,,2017,,6,,"Chiny, Hongkong, Indie, USA, Wielka Brytania","Thriller, Akcja, Sci-Fi",2017-4-6
207,8978,Psychoza III,Psycho III,1986,,3,,USA,Thriller,2017-4-3
208,8977,Psychoza II,Psycho II,1983,,4,,USA,Thriller,2017-4-3
209,4160,Biali nie potrafią skakać,White Men Can't Jump,1992,,6,,USA,"Komedia, Sportowy",2017-4-2
210,765212,Life,,2017,,6,,USA,"Thriller, Sci-Fi",2017-3-30
211,725324,Zło we mnie,February,2015,,7,,"Kanada, USA",Horror,2017-3-23
212,735452,Kubo i dwie struny,Kubo and the Two Strings,2016,,7,,USA,"Animacja, Familijny, Fantasy",2017-3-19
213,704635,Vaiana: Skarb oceanu,Moana,2016,,5,,USA,"Animacja, Familijny, Przygodowy",2017-3-19
214,37511,Tożsamość,Identity,2003,,7,,USA,Thriller,2017-3-19
215,719066,Kong: Wyspa Czaszki,Kong: Skull Island,2017,,8,,"Australia, Chiny, Kanada, USA, Wietnam","Fantasy, Przygodowy",2017-3-16
216,476276,Święci z Bostonu II - Dzień Wszystkich Świętych,The Boondock Saints II: All Saints Day,2009,,3,,USA,"Kryminał, Sensacyjny",2017-3-12
217,705273,Cienki Bolek,Get Hard,2015,,8,,USA,Komedia,2017-3-8
218,278033,Milczenie,Silence,2016,,8,,"Japonia, Meksyk, USA, Wielka Brytania, Włochy, Tajwan",Dramat historyczny,2017-3-6
219,671707,Bone Tomahawk,,2015,,6,,"USA, Wielka Brytania","Horror, Western",2017-3-4
220,706142,Młodość,Youth,2015,,9,,"Francja, Szwajcaria, Wielka Brytania, Włochy",Dramat,2017-3-1
221,34235,Sekretarka,Secretary,2002,,8,,USA,"Dramat, Komedia",2017-2-27
222,604523,Kochankowie z Księżyca. Moonrise Kingdom,Moonrise Kingdom,2012,,8,,USA,"Dramat, Komedia, Romans",2017-2-18
223,767889,Lament,Gok-seong,2016,,2,"Po 0.5h dajesz mu szanse, po 1h się gubisz, po 1.5h myślisz że to koniec, po 2h nie możesz się doczekać końca, po 2.5h m&oacute;wisz: NARESZCZIE KONIEC TELENOWELI.","USA, Korea Południowa",Horror,2017-2-18
224,737351,Zombie express,Boo-san-haeng,2016,,7,,Korea Południowa,"Dramat, Horror",2017-2-18
225,739293,Lekarstwo na życie,A Cure for Wellness,2016,,6,,"Niemcy, USA",Horror,2017-2-18
226,751121,Autopsja Jane Doe,The Autopsy of Jane Doe,2016,,5,,"USA, Wielka Brytania",Horror,2017-2-18
227,338362,Persepolis,,2007,,8,,"Francja, USA","Animacja, Dramat",2017-2-17
228,741135,John Wick 2,John Wick: Chapter Two,2017,,6,,USA,"Thriller, Akcja",2017-2-16
229,118735,Atak na posterunek,Assault on Precinct 13,2005,,6,,"Francja, USA","Thriller, Akcja",2017-2-12
230,300636,Obcy kontra Predator 2,AVPR: Aliens vs Predator - Requiem,2007,,6,,USA,"Akcja, Sci-Fi",2017-2-5
231,31279,Obywatel Kane,Citizen Kane,1941,,9,,USA,Dramat,2017-2-4
232,626687,Exeter,,2015,,5,,USA,Horror,2017-2-3
233,750258,Split,,2016,,7,,"Japonia, USA",Thriller,2017-2-2
234,712145,Wizyta,The Visit,2015,,8,,USA,Horror,2017-1-25
235,733392,Ouija: Narodziny zła,Ouija: Origin of Evil,2016,,3,,"Japonia, USA",Horror,2017-1-19
236,718819,La La Land,,2016,,8,,"Hongkong, USA","Musical, Romans",2017-1-19
237,565614,Pixels,,2010,,6,,Francja,"Animacja, Akcja, Krótkometrażowy",2017-1-12
238,659803,Assassin's Creed,,2016,,4,,"Francja, Hongkong, USA, Wielka Brytania, Tajwan, Malta",Przygodowy,2017-1-12
239,720886,Nice Guys. Równi goście,The Nice Guys,2016,,8,,"USA, Wielka Brytania",Komedia kryminalna,2017-1-10
240,399746,Drive,,2011,,8,,USA,Akcja,2017-1-7
241,640116,Idealne matki,Adore,2013,,7,,"Australia, Francja",Dramat,2017-1-5
242,558175,Pasażerowie,Passengers,2016,,6,,USA,"Przygodowy, Sci-Fi",2016-12-30
243,712573,Łotr 1. Gwiezdne wojny - historie,Rogue One: A Star Wars Story,2016,,5,"Jako film SF średni, ale zrobiony w stylu pierwszych części (4-6) Gwiezdnych Wojen, więc im się spodoba.",USA,"Przygodowy, Sci-Fi",2016-12-30
244,699641,Zmartwychwstały,Risen,2016,,3,,USA,"Dramat, Biblijny",2016-12-25
245,713103,Sicario,,2015,,7,,USA,"Dramat, Kryminał",2016-12-23
246,99031,Zły Mikołaj,Bad Santa,2003,,8,,"Niemcy, USA",Komedia kryminalna,2016-12-23
247,114482,Lobo: Paramilitarne święta specjalne,The Lobo Paramilitary Christmas Special,2002,,3,,USA,"Sci-Fi, Czarna komedia, Krótkometrażowy",2016-12-23
248,507501,Rare Export: Opowieść wigilijna,Rare Exports,2010,,6,,"Finlandia, Francja, Norwegia, Szwecja","Fantasy, Horror",2016-12-14
249,697720,Fantastyczne zwierzęta i jak je znaleźć,Fantastic Beasts and Where to Find Them,2016,,5,,"USA, Wielka Brytania","Familijny, Fantasy, Przygodowy",2016-12-10
250,11456,Wideodrom,Videodrome,1983,,6,,Kanada,"Thriller, Sci-Fi",2016-12-9
251,723738,Underworld: Wojny krwi,Underworld: Blood Wars,2016,,3,,USA,"Horror, Akcja",2016-12-8
252,337532,Miłość Larsa,Lars and the Real Girl,2007,,8,,"Kanada, USA","Dramat, Komedia",2016-12-4
253,640318,Polowanie,Jagten,2012,,8,,"Dania, Szwecja",Dramat obyczajowy,2016-12-3
254,712896,Nowy początek,Arrival,2016,,8,,USA,"Thriller, Sci-Fi",2016-11-30
255,502804,Extraterrestrial,,2014,,6,,"Kanada, USA","Horror, Sci-Fi",2016-11-27
256,32063,Dagon,,2001,,4,,Hiszpania,Horror,2016-11-25
257,766551,Pitbull. Niebezpieczne kobiety,,2016,,5,,Polska,"Dramat, Sensacyjny",2016-11-24
258,8951,Przygody barona Munchausena,The Adventures of Baron Munchausen,1988,,6,,"Wielka Brytania, Włochy","Fantasy, Komedia, Przygodowy",2016-11-21
259,8011,Nagi lunch,Naked Lunch,1991,,9,,"Japonia, Kanada, Wielka Brytania","Thriller, Sci-Fi, Psychologiczny",2016-11-20
260,5394,Eliksir miłości,Love Potion No. 9,1992,,7,,USA,"Fantasy, Komedia rom.",2016-11-17
261,557497,Rycerze (nie) na niby,Knights of Badassdom,2013,,6,,USA,"Fantasy, Komedia, Przygodowy",2016-11-15
262,702289,Zanim się obudzę,Before I Wake,2016,,4,,USA,Horror,2016-11-13
263,894,Nóż w wodzie,,1961,,8,,Polska,"Dramat, Psychologiczny",2016-11-10
264,596885,John ginie na końcu,John Dies at the End,2012,,8,,USA,"Fantasy, Horror, Komedia",2016-11-6
265,216500,High-Rise,,2015,,7,,"Belgia, Wielka Brytania","Dramat, Akcja, Sci-Fi",2016-11-4
266,539510,Lorax,The Lorax,2012,,8,,USA,"Animacja, Familijny, Fantasy",2016-11-2
267,1073,Ziemia obiecana,,1974,,8,,Polska,Obyczajowy,2016-10-30
268,725060,Syn Szawła,Saul fia,2015,,7,,Węgry,"Dramat, Wojenny",2016-10-28
269,724694,Wołyń,,2016,,6,,Polska,"Dramat, Wojenny",2016-10-25
270,725816,Legion samobójców,Suicide Squad,2016,,6,,"Kanada, USA","Akcja, Sci-Fi",2016-10-25
271,1022,Czułe słówka,Terms of Endearment,1983,,8,,USA,"Dramat, Komedia, Romans",2016-10-20
272,700817,Sekretne życie zwierzaków domowych,The Secret Life of Pets,2016,,6,,"Japonia, USA","Animacja, Komedia",2016-10-15
273,9829,Strefa mroku,Twilight Zone: The Movie,1983,,5,,USA,"Horror, Nowele filmowe",2016-10-10
274,629392,Jack Reacher: Jednym strzałem,Jack Reacher,2012,,6,,USA,"Kryminał, Akcja",2016-10-10
275,385852,Miasto ślepców,Blindness,2008,,3,,"Brazylia, Japonia, Kanada","Dramat, Thriller",2016-10-8
276,708926,Czas wymierania,Extinction,2015,,6,,"Francja, Hiszpania, USA, Węgry","Dramat, Horror, Sci-Fi",2016-10-1
277,156466,Fantastyczny Pan Lis,Fantastic Mr. Fox,2009,,9,,USA,"Animacja, Familijny, Komedia, Przygodowy",2016-9-23
278,31985,Genialny klan,The Royal Tenenbaums,2001,,8,,USA,"Dramat, Komedia",2016-9-22
279,695338,Bogowie Egiptu,Gods of Egypt,2016,,6,,"Australia, USA","Fantasy, Przygodowy",2016-9-22
280,743305,Blair Witch,,2016,,6,,USA,Horror,2016-9-20
281,922,Opętanie,Stir of Echoes,1999,,7,,USA,Horror,2016-9-17
282,696196,Makbet,Macbeth,2015,,8,,"Francja, USA, Wielka Brytania",Dramat,2016-9-15
283,463455,Istota,Splice,2009,,8,,"Francja, Kanada, USA","Thriller, Sci-Fi",2016-9-7
284,693944,Batman: Atak na Arkham,Batman: Assault on Arkham,2014,,6,,USA,"Animacja, Kryminał, Akcja",2016-9-4
285,704946,Obecność 2,The Conjuring 2,2016,,6,,USA,Horror,2016-9-3
286,719690,Hardcore Henry,Hardcore,2015,,9,,"Rosja, USA","Akcja, Sci-Fi",2016-9-3
287,714080,Cloverfield Lane 10,10 Cloverfield Lane,2016,,8,,USA,"Thriller, Sci-Fi",2016-9-3
288,35912,Kult,The Wicker Man,1973,,8,,Wielka Brytania,"Horror, Psychologiczny",2016-8-30
289,34778,Dyniogłowy,Pumpkinhead,1988,,5,,USA,Horror,2016-8-21
290,8280,Odmienne stany świadomości,Altered States,1980,,8,,USA,"Dramat, Horror, Sci-Fi",2016-8-21
291,140851,Kiss Kiss Bang Bang,,2005,,9,,USA,"Akcja, Komedia kryminalna",2016-8-20
292,747433,Pitbull. Nowe porządki,,2016,,4,,Polska,"Dramat, Sensacyjny",2016-7-26
293,491609,Ghostbusters. Pogromcy duchów,Ghostbusters,2016,,2,Film na kt&oacute;rym więcej razy się przestraszyłem niż zaśmiałem. A przestraszyłem się 3 razy.,USA,"Komedia, Akcja, Sci-Fi",2016-7-19
294,736897,Jak urządzić orgię w małym mieście,How to Plan an Orgy in a Small Town,2015,,9,,Kanada,Komedia,2016-7-6
295,655364,Maggie,,2015,,7,,"Szwajcaria, USA","Dramat, Horror",2016-6-14
296,671974,Summer Camp,,2015,,7,,"Hiszpania, USA",Horror,2016-6-1
297,180490,Punisher: Strefa wojny,Punisher: War Zone,2008,,6,,"Kanada, Niemcy, USA",Sensacyjny,2016-3-5
298,711695,"Ave, Cezar!","Hail, Caesar!",2016,,7,,"Japonia, USA, Wielka Brytania","Dramat, Komedia",2016-2-25
299,317089,Watchmen. Strażnicy,Watchmen,2009,,10,,USA,"Dramat, Akcja, Sci-Fi",2016-2-16
300,487684,Dom w głębi lasu,The Cabin in the Woods,2011,,9,,USA,Horror,2016-2-12
301,586583,Zjawa,The Revenant,2015,,5,"Typowy film pod oscara, nic nadzwyczajnego.","Hongkong, USA, Tajwan","Dramat, Przygodowy, Western",2016-2-10
302,868,Być jak John Malkovich,Being John Malkovich,1999,,9,,USA,"Surrealistyczny, Komedia",2016-2-10
303,1501,Kruk,The Crow,1994,,8,,USA,"Fantasy, Thriller",2016-1-25
304,625402,Asteriks i Obeliks: Osiedle Bogów,Astérix: Le domaine des dieux,2014,,8,,Francja,"Animacja, Familijny, Komedia, Przygodowy",2016-1-22
305,95748,Żony ze Stepford,The Stepford Wives,2004,,1,,USA,"Sci-Fi, Czarna komedia",2016-1-20
306,9352,Sanatorium pod klepsydrą,,1973,,6,,Polska,"Surrealistyczny, Psychologiczny, Poetycki",2016-1-17
307,31831,K-PAX,,2001,,7,,"Niemcy, USA",Dramat,2016-1-17
308,231755,Zarżnięci żywcem,The Cottage,2008,,6,,Wielka Brytania,"Horror, Komedia",2016-1-10
309,751,Rejs,,1970,,8,,Polska,Komedia,2016-1-7
310,671644,Fistaszki - wersja kinowa,The Peanuts Movie,2015,,7,,USA,"Animacja, Komedia, Przygodowy",2016-1-6
311,292302,Głębia ciemności,Deep in the Darkness,2014,,2,,USA,Horror,2016-1-3
312,275068,Kroniki mutantów,Mutant Chronicles,2008,,3,,"USA, Wielka Brytania","Przygodowy, Sci-Fi",2015-12-30
313,5276,Dyskretny urok burżuazji,Le charme discret de la bourgeoisie,1972,,8,,Francja,"Dramat, Komedia",2015-12-17
314,33417,Łowca snów,Dreamcatcher,2003,,7,,"Australia, USA","Horror, Sci-Fi",2015-12-8
315,701517,Równoległa rzeczywistość,Coherence,2013,,9,,"USA, Wielka Brytania","Thriller, Sci-Fi",2015-11-22
316,107974,Monster,,2003,,6,,"Niemcy, USA","Biograficzny, Dramat",2015-11-18
317,479701,Legendy sowiego królestwa: Strażnicy Ga'Hoole,Legend of the Guardians: The Owls of Ga'Hoole,2010,,7,,"Australia, USA","Animacja, Przygodowy",2015-11-6
318,707441,Pentameron,Il racconto dei racconti,2015,,7,,"Francja, Wielka Brytania, Włochy","Fantasy, Romans",2015-11-5
319,10213,Święci z Bostonu,The Boondock Saints,1999,,6,,"Kanada, USA",Sensacyjny,2015-10-30
320,563042,Hercules,,2014,,3,,USA,Przygodowy,2015-10-21
321,563822,W nowym zwierciadle: Wakacje,Vacation,2015,,8,,USA,"Komedia, Przygodowy",2015-10-19
322,674,Miasto zaginionych dzieci,La Cité des enfants perdus,1995,,6,,"Francja, Hiszpania, Niemcy","Dramat, Fantasy, Przygodowy",2015-10-18
323,11558,Wzgórze królików,Watership Down,1978,,8,,"Kanada, Wielka Brytania","Animacja, Dramat, Baśń",2015-10-16
324,7960,Młody Frankenstein,Young Frankenstein,1974,,9,,USA,"Horror, Komedia, Sci-Fi",2015-10-15
325,715533,Marsjanin,The Martian,2015,,7,,"USA, Wielka Brytania",Sci-Fi,2015-10-15
326,629795,"Boże, błogosław Amerykę",God Bless America,2011,,8,,USA,"Dramat, Komedia",2015-10-11
327,599050,ParaNorman,,2012,,6,,USA,"Animacja, Fantasy, Przygodowy",2015-10-11
328,10109,Test pilota Pirxa,,1978,,4,,"Polska, ZSRR","Dramat, Sci-Fi",2015-10-8
329,465816,Frankenweenie,,2012,,7,,USA,"Animacja, Sci-Fi, Czarna komedia",2015-10-4
330,603082,Likwidator,The Last Stand,2013,,5,,USA,Akcja,2015-10-4
331,7705,Miasteczko Halloween,The Nightmare Before Christmas,1993,,9,,USA,"Animacja, Fantasy, Musical",2015-10-3
332,625417,Carrie,,2013,,4,,USA,"Dramat, Horror",2015-10-2
333,363042,Hotel Transylwania,Hotel Transylvania,2012,,7,,USA,"Animacja, Familijny, Komedia",2015-10-1
334,707107,Gość,The Guest,2014,,3,,"USA, Wielka Brytania","Thriller, Akcja",2015-9-22
335,472800,Krwawe walentynki,My Bloody Valentine,2009,,4,,USA,Horror,2015-9-20
336,644179,Złodziej tożsamości,Identity Thief,2013,,6,,USA,Komedia kryminalna,2015-9-13
337,622318,Noe: Wybrany przez Boga,Noah,2014,,7,,USA,"Dramat, Fantasy",2015-9-11
338,9497,Dreszcze,Shivers,1975,,6,,Kanada,Horror,2015-9-10
339,656595,Przeznaczenie,Predestination,2014,,7,,Australia,"Thriller, Sci-Fi",2015-9-9
340,1454,Siódma pieczęć,Det sjunde inseglet,1957,,10,,Szwecja,Dramat,2015-9-7
341,375787,Pojedynek,Sleuth,2007,,8,,"USA, Wielka Brytania","Dramat, Kryminał, Thriller",2015-9-7
342,486130,300: Początek imperium,300: Rise of an Empire,2014,,5,,USA,"Dramat, Akcja",2015-9-7
343,548326,47 roninów,47 Ronin,2013,,3,,USA,"Fantasy, Przygodowy",2015-9-7
344,741093,World of Tomorrow,,2015,,6,,USA,"Animacja, Krótkometrażowy",2015-9-6
345,557434,Głosy,The Voices,2014,,9,,"Niemcy, USA","Thriller, Komedia kryminalna",2015-9-1
346,366495,Łowca potworów,Jack Brooks: Monster Slayer,2007,,6,,Kanada,"Horror, Komedia",2015-8-31
347,680728,Po ślubie,Líbánky,2013,,8,,"Czechy, Słowacja",Dramat,2015-8-31
348,530650,Porąbani,Tucker and Dale vs. Evil,2010,tak,9,,"Indie, Kanada, USA, Wielka Brytania",Czarna komedia,2015-8-29
349,483659,Horda,La horde,2009,,6,,Francja,Horror,2015-8-29
350,712595,Sinister 2,,2015,,6,,"USA, Wielka Brytania",Horror,2015-8-28
351,595351,Paddington,,2014,,6,,"Francja, Wielka Brytania","Familijny, Komedia, Przygodowy",2015-8-25
352,644064,Ewolucja planety małp,Dawn of the Planet of the Apes,2014,,8,,USA,"Dramat, Akcja, Sci-Fi",2015-8-25
353,606670,American Mary,,2012,,6,,Kanada,Horror,2015-8-20
354,546529,Ida,,2013,,7,,"Dania, Polska",Dramat,2015-8-8
355,694348,To właśnie seks,The Little Death,2014,,9,,Australia,Komedia,2015-8-8
356,725467,Opętany,Pos eso,2014,,7,,Hiszpania,"Animacja, Horror, Komedia",2015-7-15
357,712739,Party Girl,,2014,,7,,Francja,Dramat,2015-7-15
358,699194,Nowa dziewczyna,Une nouvelle amie,2014,,3,,Francja,Dramat,2015-7-7
359,648179,Don Jon,,2013,,6,,USA,"Dramat, Komedia",2015-7-6
360,186343,Terminator: Ocalenie,Terminator Salvation,2009,,7,,"Niemcy, USA, Wielka Brytania, Włochy","Akcja, Sci-Fi",2015-7-2
361,512784,Terminator: Genisys,Terminator Genisys,2015,,6,,USA,"Akcja, Sci-Fi",2015-7-2
362,707286,Co robimy w ukryciu,What We Do in the Shadows,2014,,9,,"Nowa Zelandia, USA","Horror, Komedia, Dokumentalizowany",2015-6-26
363,556929,Jurassic World,,2015,,7,,USA,"Przygodowy, Sci-Fi",2015-6-22
364,616947,Faceci od kuchni,Comme un chef,2012,,6,,"Francja, Hiszpania",Komedia,2015-6-22
365,337366,Zabójczy wirus,Carriers,2009,,6,,USA,"Dramat, Horror",2015-6-20
366,609699,Ted,,2012,,4,,USA,Komedia,2015-6-18
367,95747,Mad Max: Na drodze gniewu,Mad Max: Fury Road,2015,tak,9,,"Australia, USA","Sensacyjny, Sci-Fi",2015-5-28
368,684940,Czworo do pary,The One I Love,2014,,8,,USA,"Dramat, Komedia rom.",2015-5-27
369,649608,Snowpiercer: Arka przyszłości,Snowpiercer,2013,,8,,"Czechy, Francja, USA, Korea Południowa","Thriller, Akcja, Sci-Fi",2015-5-26
370,107563,Robot Jox 1: Bezlitośni mordercy,Robot Jox,1989,,7,,USA,"Akcja, Sci-Fi",2015-5-18
371,630041,Automata,Autómata,2014,,7,,"Hiszpania, Kanada, USA, Bułgaria","Thriller, Sci-Fi",2015-5-18
372,671888,Mapy gwiazd,Maps to the Stars,2014,,7,,"Francja, Kanada, Niemcy, USA",Dramat,2015-5-15
373,657859,Witaj w klubie,Dallas Buyers Club,2013,,6,,USA,"Biograficzny, Dramat",2015-5-14
374,692649,Sygnał,The Signal,2014,,6,,USA,"Thriller, Sci-Fi",2015-5-11
375,197,Wielkie nadzieje,Great Expectations,1998,,5,,USA,Melodramat,2015-5-4
376,216784,Kobieta w błękitnej wodzie,Lady in the Water,2006,,3,,USA,"Dramat, Fantasy",2015-5-4
377,200209,Nostalgia anioła,The Lovely Bones,2009,,4,,"Nowa Zelandia, USA, Wielka Brytania","Dramat, Fantasy",2015-5-4
378,8579,"Patrzę na ciebie, Marysiu",,1999,,4,,Polska,"Dramat, Psychologiczny",2015-5-4
379,31334,Scooby-Doo,,2002,,1,,"Australia, USA","Familijny, Fantasy, Komedia, Przygodowy",2015-5-4
380,667468,System,Child 44,2015,,7,,"Czechy, Rosja, USA, Wielka Brytania, Rumunia","Dramat, Thriller",2015-4-29
381,546202,Rogi,Horns,2013,,8,,"Kanada, USA",Horror,2015-4-27
382,706448,Fanka,Elle l'adore,2014,,6,,Francja,"Dramat, Komedia",2015-4-17
383,820,Odwieczny wróg,Phantoms,1998,,7,,"Japonia, USA","Dramat, Horror, Sci-Fi",2015-4-14
384,688030,Piramida,The Pyramid,2014,,4,,USA,Horror,2015-4-14
385,622009,Demony,The Devil Inside,2012,,3,,USA,Horror,2015-4-14
386,714528,Coś za mną chodzi,It Follows,2014,,8,,USA,Horror,2015-4-9
387,655761,Pięćdziesiąt twarzy Greya,Fifty Shades of Grey,2015,,2,"Nuudny,",USA,Melodramat,2015-3-31
388,666647,Witching & Bitching,Las Brujas de Zugarramurdi,2013,,8,,"Francja, Hiszpania","Horror, Komedia",2015-3-31
389,1463,"Elvira, władczyni ciemności",Elvira: Mistress of the Dark,1988,,6,,USA,"Horror, Komedia",2015-3-29
390,612189,Chappie,,2015,,8,,"RPA, USA","Akcja, Sci-Fi",2015-3-27
391,7194,Lokator,Le locataire,1976,,8,,Francja,"Thriller, Psychologiczny",2015-3-23
392,686651,Wywiad ze słońcem narodu,The Interview,2014,,4,,USA,"Komedia, Akcja",2015-3-22
393,567936,Słowo na M,What If,2013,,6,,"Irlandia, Kanada",Komedia rom.,2015-3-16
394,664609,Pingwiny z Madagaskaru,Penguins of Madagascar,2014,,8,,USA,"Animacja, Familijny, Komedia, Przygodowy",2015-3-13
395,653414,Anioł śmierci,The Woman in Black 2: Angel of Death,2014,,7,,"Kanada, USA, Wielka Brytania","Dramat, Horror",2015-3-12
396,9607,Sliver,,1993,,6,,USA,"Erotyczny, Thriller",2015-2-18
397,34072,8 kobiet,8 femmes,2002,,6,,"Francja, Włochy","Musical, Komedia kryminalna",2015-2-18
398,11173,Tramwaj zwany pożądaniem,A Streetcar Named Desire,1951,,8,,USA,Dramat,2015-2-16
399,648940,The Raid 2: Infiltracja,Serbuan maut 2: Berandal,2014,,5,,"USA, Indonezja",Akcja,2015-2-14
400,694864,Warsaw by Night,,2014,,5,,Polska,"Dramat, Komedia",2015-2-9
401,647735,Hiszpanka,,2014,,3,,Polska,"Historyczny, Kryminał, Akcja",2015-1-29
402,680709,Birdman,,2014,,9,,USA,"Dramat, Komedia",2015-1-27
403,662242,Hobbit: Bitwa Pięciu Armii,The Hobbit: The Battle of the Five Armies,2014,,7,,"Nowa Zelandia, USA","Fantasy, Przygodowy",2015-1-19
404,472866,Wielkie oczy,Big Eyes,2014,,7,,USA,"Biograficzny, Dramat",2015-1-8
405,698144,John Wick,,2014,,6,,"Chiny, USA","Thriller, Akcja",2015-1-7
406,698847,Whiplash,,2014,,8,,USA,"Dramat, Muzyczny",2015-1-6
407,8727,Podejrzani,The Usual Suspects,1995,,9,,"Niemcy, USA","Kryminał, Thriller",2014-12-16
408,558709,Geneza planety małp,Rise of the Planet of the Apes,2011,,8,,USA,"Dramat, Akcja, Sci-Fi",2014-12-11
409,652536,Klątwa Jessabelle,Jessabelle,2014,,3,,USA,Horror,2014-12-11
410,687674,Wolny strzelec,Nightcrawler,2014,,7,,USA,"Dramat, Kryminał",2014-12-10
411,694473,Blue Highway,,2013,,7,,USA,Komedia,2014-12-8
412,676364,Babadook,The Babadook,2014,,6,,"Australia, Kanada",Horror,2014-12-8
413,91994,Basen,Swimming Pool,2003,,6,,"Francja, Wielka Brytania","Erotyczny, Thriller, Psychologiczny",2014-12-8
414,626983,Igrzyska śmierci: Kosogłos. Część 1,The Hunger Games: Mockingjay Part 1,2014,,6,,USA,"Akcja, Sci-Fi",2014-12-4
415,539632,Sklep dla samobójców,Le Magasin des suicides,2012,,8,,"Belgia, Francja, Kanada","Animacja, Komedia, Musical",2014-11-26
416,6363,Potwór,Il Mostro,1994,,8,,"Francja, Włochy",Komedia,2014-11-24
417,594357,Strażnicy Galaktyki,Guardians of the Galaxy,2014,,5,,USA,"Akcja, Sci-Fi",2014-11-24
418,482800,Diabelska plansza Ouija,Ouija,2014,,6,,USA,Horror,2014-11-20
419,114091,Mały Otik,Otesánek,2000,,9,,"Czechy, Japonia, Wielka Brytania","Dramat, Fantasy, Czarna komedia",2014-11-17
420,375629,Interstellar,,2014,,9,,"USA, Wielka Brytania",Sci-Fi,2014-11-13
421,567829,[REC] 4: Apokalipsa,[REC] 4: Apocalipsis,2014,,7,,Hiszpania,Horror,2014-11-13
422,694378,Bogowie,,2014,,6,,Polska,"Biograficzny, Dramat",2014-11-12
423,240046,W pogoni za szczęściem,The Pursuit of Happyness,2006,,9,,USA,"Biograficzny, Dramat obyczajowy",2014-11-9
424,565952,Nic do oclenia,Rien à Déclarer,2010,,7,,"Belgia, Francja",Komedia,2014-11-9
425,569242,Cosmopolis,,2012,,6,,"Francja, Kanada, Portugalia, Włochy","Dramat, Thriller",2014-11-7
426,684356,Dracula: Historia nieznana,Dracula Untold,2014,,6,,"Japonia, USA","Fantasy, Horror",2014-10-28
427,120444,Martwe ptaki,Dead Birds,2004,,6,,USA,Horror,2014-10-28
428,233495,Lilo i Stich 2: Mały feler Sticha,Lilo & Stitch 2: Stitch Has a Glitch,2005,,8,,USA,"Animacja, Familijny, Komedia, Sci-Fi",2014-10-28
429,40683,Tajemnica Aleksandry,Alexandra's Project,2003,,7,,Australia,"Dramat, Thriller",2014-10-28
430,495247,The Runaways: Prawdziwa historia,The Runaways,2010,,5,,USA,"Biograficzny, Dramat, Muzyczny",2014-10-28
431,483333,Mroczne cienie,Dark Shadows,2012,,3,,"Australia, USA, Wielka Brytania","Fantasy, Horror, Komedia",2014-10-18
432,411786,Zdarzenie,The Happening,2008,,6,,"Indie, USA","Thriller, Sci-Fi",2014-10-17
433,648169,Przelotni kochankowie,Los Amantes pasajeros,2013,,6,,Hiszpania,Komedia,2014-10-16
434,603461,The Lords of Salem,,2012,,3,,"Kanada, USA, Wielka Brytania",Horror,2014-10-16
435,695409,Zaginiona dziewczyna,Gone Girl,2014,,8,,USA,"Dramat, Thriller",2014-10-16
436,238725,Mgła,The Mist,2007,,8,,USA,Horror,2014-10-15
437,689545,Dzikie historie,Relatos salvajes,2014,,10,,"Argentyna, Hiszpania",Czarna komedia,2014-10-13
438,700711,Annabelle,,2014,,5,,USA,Horror,2014-10-9
439,667242,Zanim zasnę,Before I Go to Sleep,2014,,7,,"Francja, Szwecja, USA, Wielka Brytania","Dramat, Thriller",2014-10-8
440,121881,Wysyp żywych trupów,Shaun of the Dead,2004,,8,,"Francja, Wielka Brytania","Horror, Komedia",2014-10-7
441,479133,To już jest koniec,The World's End,2013,,7,,"Japonia, USA, Wielka Brytania","Komedia, Akcja, Sci-Fi",2014-10-7
442,1063,Nagi instynkt,Basic Instinct,1992,,6,,"Francja, USA",Thriller,2014-10-4
443,532513,Szepczący w ciemności,The Whisperer in Darkness,2011,,7,,USA,"Horror, Sci-Fi",2014-10-3
444,749,Oczy szeroko zamknięte,Eyes Wide Shut,1999,,8,,"USA, Wielka Brytania","Erotyczny, Thriller",2014-10-3
445,31354,Inferno,,2001,,7,,Polska,Dramat,2014-10-3
446,398064,Córka,Daughter,2002,,6,,USA,"Horror, Krótkometrażowy",2014-10-2
447,214272,Sin City: Damulka warta grzechu,Sin City: A Dame to Kill For,2014,,8,,USA,"Kryminał, Thriller",2014-10-1
448,184532,Pułapka,Hard Candy,2005,,7,,USA,"Thriller, Psychologiczny",2014-9-29
449,623013,Nie przeżyje nikt,No One Lives,2012,,6,,"USA, Wielka Brytania",Horror,2014-9-26
450,637019,Miasto 44,,2014,,5,,Polska,"Dramat, Wojenny",2014-9-25
451,7992,Nadzy,Naked,1993,,8,,Wielka Brytania,Dramat,2014-9-24
452,608456,"Jako w piekle, tak i na Ziemi","As Above, So Below",2014,,6,,USA,Horror,2014-9-23
453,32359,Czerwony smok,Red Dragon,2002,,6,,"Niemcy, USA",Thriller,2014-9-22
454,32236,Niebo,Heaven,2002,,4,,"Francja, Niemcy, USA, Wielka Brytania, Włochy","Melodramat, Thriller",2014-9-18
455,1211,Lista Schindlera,Schindler's List,1993,,8,,USA,"Dramat, Wojenny",2014-9-16
456,32595,Lilo i Stich,Lilo & Stitch,2002,,8,,USA,"Animacja, Familijny, Komedia, Sci-Fi",2014-9-16
457,666828,Wenus w futrze,La Vénus à la fourrure,2013,,7,,"Francja, Polska","Dramat, Komedia",2014-9-16
458,32011,Kręgosłup diabła,El Espinazo del diablo,2001,,5,,"Argentyna, Hiszpania, Meksyk","Dramat, Horror",2014-9-16
459,1252,Barton Fink,,1991,,7,,"USA, Wielka Brytania","Dramat, Komedia",2014-9-16
460,659015,Królowie lata,The Kings of Summer,2013,,6,,USA,"Dramat, Komedia",2014-9-16
461,700753,Czy Noam Chomsky jest wysoki czy szczęśliwy?,Is the Man Who Is Tall Happy?: An Animated Conversation with Noam Chomsky,2013,,6,,Francja,"Animacja, Dokumentalny",2014-9-16
462,293878,Oszukana,Changeling,2008,,7,,USA,Dramat obyczajowy,2014-9-16
463,693468,Blue Ruin,,2013,,5,,"Francja, USA",Thriller,2014-9-16
464,196079,Biegając z nożyczkami,Running with Scissors,2006,,8,,USA,"Biograficzny, Dramat, Komedia",2014-9-5
465,548252,Jestem Bogiem,Limitless,2011,,7,,USA,"Thriller, Sci-Fi",2014-9-4
466,687712,Lucy,,2014,,3,,Francja,"Akcja, Sci-Fi",2014-9-4
467,485716,Całe życie z wariatami,Shrink,2009,,8,,USA,Dramat,2014-9-2
468,166528,Przebudzenie,Awake,2007,,6,,USA,Thriller,2014-8-28
469,747,Porachunki,"Lock, Stock and Two Smoking Barrels",1998,,6,,Wielka Brytania,Komedia kryminalna,2014-8-24
470,1326,Przekręt,Snatch.,2000,,8,,"USA, Wielka Brytania",Komedia kryminalna,2014-8-24
471,119007,Bękarty diabła,The Devil's Rejects,2005,,3,,"Niemcy, USA",Horror,2014-8-23
472,490878,Paul,,2011,,6,,"USA, Wielka Brytania","Komedia, Przygodowy, Sci-Fi",2014-8-21
473,676755,Borgman,,2013,,5,,"Belgia, Dania, Holandia",Thriller,2014-8-18
474,219977,Fido,,2006,,2,,Kanada,Czarna komedia,2014-8-10
475,614296,Rabusie kontra zombie,Cockneys vs Zombies,2012,tak,9,,Wielka Brytania,Czarna komedia,2014-8-9
476,452824,Repo Men - Windykatorzy,Repo Men,2010,,7,,"Kanada, USA","Thriller, Akcja, Sci-Fi",2014-8-1
477,3933,Armia ciemności,Army of Darkness,1992,,6,,USA,"Horror, Komedia",2014-8-1
478,592692,Przetrwanie,The Grey,2011,,7,,USA,"Dramat, Przygodowy, Thriller",2014-7-19
479,595571,Łowca,The Hunter,2011,,7,,Australia,"Dramat, Przygodowy",2014-7-4
480,30709,Martwe zło,The Evil Dead,1981,,7,,USA,Horror,2014-7-4
481,184151,Koralina i tajemnicze drzwi,Coraline,2009,,8,,USA,"Animacja, Familijny, Fantasy",2014-7-4
482,30710,Martwe zło 2,Evil Dead II,1987,,7,,USA,"Horror, Komedia",2014-7-3
483,30677,Jabberwocky,,1977,,6,,Wielka Brytania,"Fantasy, Komedia, Przygodowy",2014-6-24
484,331014,Jak wytresować smoka,How to Train Your Dragon,2010,,6,,USA,"Animacja, Familijny, Fantasy, Przygodowy",2014-6-21
485,577622,Na skraju jutra,Edge of Tomorrow,2014,,8,,"Kanada, USA","Akcja, Sci-Fi",2014-6-18
486,104359,Van Helsing,,2004,,2,,"Czechy, USA, Rumunia","Horror, Przygodowy",2014-6-12
487,494685,Madagaskar 3,Madagascar 3: Europe's Most Wanted,2012,,3,,USA,"Animacja, Familijny, Komedia, Przygodowy",2014-6-12
488,100557,"Ladykillers, czyli zabójczy kwintet",The Ladykillers,2004,,7,,USA,Komedia kryminalna,2014-6-3
489,34739,O miłości i śmierci,Dellamorte Dellamore,1994,,8,,"Francja, Niemcy, Włochy","Horror, Komedia",2014-5-24
490,9701,W mgnieniu oka,Split Second,1992,,7,,"USA, Wielka Brytania","Horror, Sci-Fi",2014-5-24
491,565162,Godzilla,,2014,,4,,"Japonia, USA","Akcja, Sci-Fi",2014-5-22
492,535786,Kołysanka,,2010,,6,,Polska,Czarna komedia,2014-5-16
493,510,Batman i Robin,Batman & Robin,1997,,1,,"USA, Wielka Brytania","Fantasy, Akcja",2014-5-10
494,580801,Atlas chmur,Cloud Atlas,2012,,5,,"Hongkong, Niemcy, Singapur, USA","Dramat, Sci-Fi",2014-5-10
495,4056,Ćma barowa,Barfly,1987,,6,,USA,Dramat obyczajowy,2014-5-10
496,430851,Tajne przez poufne,Burn After Reading,2008,,8,,"Francja, USA, Wielka Brytania",Komedia kryminalna,2014-5-3
497,348062,Sztuka płakania,Kunsten at græde i kor,2006,,8,,Dania,Dramat,2014-4-30
498,113192,Być jak Stanley Kubrick,Colour Me Kubrick: A True... ish Story,2005,,6,,"Francja, Wielka Brytania","Dramat, Komedia",2014-4-16
499,1075,American Psycho,,2000,,9,,USA,Thriller,2014-4-14
500,616928,Red 2,,2013,,6,,"Francja, Kanada, USA","Komedia, Akcja",2014-4-4
501,30926,Brudne pieniądze,Bound,1996,,8,,USA,"Dramat, Kryminał, Thriller",2014-4-2
502,627751,Sztanga i cash,Pain & Gain,2013,,8,,USA,"Akcja, Komedia kryminalna",2014-3-17
503,482808,RoboCop,,2014,,8,,USA,"Akcja, Sci-Fi",2014-2-16
504,426597,Wilk z Wall Street,The Wolf of Wall Street,2013,,5,,USA,"Biograficzny, Komedia kryminalna",2014-2-7
505,1423,Dogma,,1999,,6,,USA,"Fantasy, Komedia",2014-1-25
506,540786,Policja zastępcza,The Other Guys,2010,,8,,USA,"Akcja, Komedia kryminalna",2014-1-24
507,219643,Zaginiony ląd,Land of the Lost,2009,,6,,USA,"Komedia, Przygodowy, Sci-Fi",2014-1-24
508,504129,Dredd,,2012,,8,,"Indie, RPA, USA, Wielka Brytania","Akcja, Sci-Fi",2014-1-23
509,596202,Maczeta zabija,Machete Kills,2013,,3,,"Rosja, USA",Akcja,2014-1-23
510,5772,Kosmiczna załoga,Galaxy Quest,1999,,9,,USA,"Komedia, Przygodowy, Sci-Fi",2014-1-21
511,1480,Niezniszczalny,Unbreakable,2000,,8,,USA,Thriller,2014-1-9
512,9078,Wyścig szczurów,Rat Race,2001,,8,,"Kanada, USA","Komedia, Przygodowy",2014-1-6
513,618823,Pacific Rim,,2013,,3,,USA,"Akcja, Sci-Fi",2013-12-23
514,627599,Igrzyska śmierci: W pierścieniu ognia,The Hunger Games: Catching Fire,2013,,7,,USA,"Akcja, Sci-Fi",2013-12-15
515,624892,Pokłosie,,2012,,8,,"Holandia, Polska, Rosja, Słowacja",Thriller,2013-12-15
516,345957,World War Z,,2013,,3,,"USA, Malta","Horror, Akcja",2013-12-15
517,8086,"Nic nie widziałem, nic nie słyszałem","See No Evil, Hear No Evil",1989,,6,,USA,Komedia kryminalna,2013-12-15
518,523230,Prometeusz,Prometheus,2012,,8,,"USA, Wielka Brytania","Horror, Sci-Fi",2013-12-14
519,600541,Królewna Śnieżka i Łowca,Snow White and the Huntsman,2012,,7,,USA,"Fantasy, Przygodowy",2013-12-14
520,505004,Wasza wysokość,Your Highness,2011,,7,,USA,"Fantasy, Komedia, Przygodowy",2013-11-28
521,564230,Grawitacja,Gravity,2013,,7,,"USA, Wielka Brytania","Dramat, Sci-Fi",2013-11-21
522,624742,7 psychopatów,Seven Psychopaths,2012,,6,,Wielka Brytania,Komedia kryminalna,2013-11-12
523,245424,Sierociniec,El Orfanato,2007,,8,,"Hiszpania, Meksyk","Dramat, Horror",2013-11-10
524,1313,Kabaret,Cabaret,1972,,6,,USA,"Dramat, Musical",2013-11-10
525,967,"Ja, Irena i Ja","Me, Myself & Irene",2000,tak,9,,USA,Komedia,2013-11-8
526,33510,Solaris,,2002,,3,,USA,"Dramat, Sci-Fi",2013-11-4
527,570991,Kobieta w czerni,The Woman in Black,2012,,8,,"Kanada, Szwecja, Wielka Brytania","Dramat, Horror",2013-11-2
528,507169,Labirynt,Prisoners,2013,,7,,USA,Thriller,2013-10-20
529,1168,Pieniądze to nie wszystko,,2001,,6,,Polska,Komedia obycz.,2013-10-18
530,641829,Inna seksmisja,Scarlet Road,2011,,8,,Australia,Dokumentalny,2013-10-16
531,33386,Starsza pani musi zniknąć,Duplex,2003,,6,,"Niemcy, USA",Czarna komedia,2013-10-13
532,562509,O północy w Paryżu,Midnight in Paris,2011,,7,,"Hiszpania, USA","Fantasy, Komedia rom.",2013-10-7
533,31866,Ghost in the Shell,Kōkaku Kidōtai,1995,,6,,Japonia,"Akcja, Sci-Fi, Anime",2013-10-5
534,336379,Wyrok śmierci,Death Sentence,2007,,6,,USA,Sensacyjny,2013-10-5
535,181219,Teksańska masakra piłą mechaniczną: Początek,The Texas Chainsaw Massacre: The Beginning,2006,,1,,USA,Horror,2013-9-19
536,5638,Fletch żyje,Fletch Lives,1989,,6,,USA,Komedia kryminalna,2013-9-19
537,935,Annie Hall,,1977,,9,,USA,Komedia obycz.,2013-9-18
538,5637,Fletch,,1985,,8,,USA,Komedia kryminalna,2013-9-17
539,581986,Kongres,The Congress,2013,,9,,"Belgia, Francja, Luksemburg, Niemcy, Polska, Izrael","Animacja, Dramat, Sci-Fi",2013-9-14
540,484297,Red,,2010,,7,,USA,"Komedia, Akcja",2013-9-9
541,659237,Gorący towar,The Heat,2013,,7,,USA,Komedia kryminalna,2013-9-8
542,599742,Rzeź,Carnage,2011,,6,,"Francja, Hiszpania, Niemcy, Polska","Dramat, Komedia",2013-9-6
543,420755,Maczeta,Machete,2010,,5,,USA,Akcja,2013-9-6
544,558960,Elizjum,Elysium,2013,,3,,USA,"Akcja, Sci-Fi",2013-9-6
545,30689,Gabinet doktora Caligari,Das Cabinet des Dr. Caligari,1920,,10,,Niemcy,"Horror, Niemy",2013-9-4
546,9987,Szybcy i martwi,The Quick and the Dead,1995,,4,,"Japonia, USA",Western,2013-8-28
547,631575,Śnieżka,Blancanieves,2012,tak,10,,"Belgia, Francja, Hiszpania","Dramat, Fantasy, Niemy",2013-8-24
548,654022,Świat w płomieniach,White House Down,2013,,3,,USA,"Thriller, Akcja",2013-8-23
549,259945,Prestiż,The Prestige,2006,tak,9,,"USA, Wielka Brytania","Dramat, Thriller",2013-8-14
550,470600,Confessions of a Superhero,,2007,,8,,USA,Dokumentalny,2013-8-8
551,463226,Megamocny,Megamind,2010,,4,,USA,"Animacja, Familijny, Komedia, Sci-Fi",2013-7-30
552,240275,9,,2009,,7,,USA,"Animacja, Przygodowy, Sci-Fi",2013-7-30
553,680500,Michael Haneke. Zawód: reżyser,Michael Haneke - Porträt eines Film-Handwerkers,2013,,6,,"Austria, Francja","Biograficzny, Dokumentalny",2013-7-26
554,97646,Maszyna śmierci,Death Machine,1994,,4,,Wielka Brytania,"Horror, Akcja, Sci-Fi",2013-7-26
555,33023,Odlotowa dziewczyna,Tank Girl,1995,,2,,USA,"Komedia, Akcja, Sci-Fi",2013-7-26
556,33076,Dealer,Pusher,1996,,7,,Dania,"Dramat, Sensacyjny",2013-7-25
557,305388,Człowiek ze stali,Man of Steel,2013,,6,,"Kanada, USA, Wielka Brytania","Akcja, Sci-Fi",2013-6-23
558,250272,Diabeł ubiera się u Prady,The Devil Wears Prada,2006,,6,,USA,"Dramat, Komedia",2013-6-20
559,124098,Wesele,,2004,tak,9,,Polska,"Dramat, Komedia",2013-6-20
560,609587,Rozstanie,Jodaeiye Nader az Simin,2011,,8,,Iran,Dramat,2013-6-19
561,287740,Renesans,Renaissance,2006,,5,,"Francja, Luksemburg, Wielka Brytania","Animacja, Thriller, Akcja, Sci-Fi",2013-6-15
562,428472,Jeż Jerzy,,2010,,2,,Polska,"Komedia obycz., Animacja dla dorosłych",2013-6-15
563,555859,Niebezpieczna metoda,A Dangerous Method,2011,,8,,"Kanada, Niemcy, Szwajcaria, Wielka Brytania","Biograficzny, Dramat",2013-6-7
564,601499,Wstyd,Shame,2011,tak,9,,Wielka Brytania,Dramat,2013-6-7
565,107377,Mechanik,El Maquinista,2004,,7,,"Francja, Hiszpania, USA, Wielka Brytania","Dramat, Thriller",2013-6-7
566,620541,Django,Django Unchained,2012,,9,,USA,Western,2013-5-29
567,391382,Valhalla: Mroczny wojownik,Valhalla Rising,2009,,8,,"Dania, Wielka Brytania","Dramat, Przygodowy",2013-5-29
568,104010,Osada,The Village,2004,tak,9,,USA,Thriller,2013-5-18
569,472258,Iron Sky,,2012,,4,,"Australia, Finlandia, Niemcy","Komedia, Akcja, Sci-Fi",2013-5-14
570,583390,Nietykalni,Intouchables,2011,,7,,Francja,"Biograficzny, Dramat, Komedia",2013-4-24
571,4185,Wielka draka w chińskiej dzielnicy,Big Trouble in Little China,1986,,9,,USA,"Fantasy, Komedia, Akcja",2013-4-24
572,631979,Drogówka,,2013,,8,,Polska,"Kryminał, Obyczajowy",2013-4-24
573,639024,Spring Breakers,,2012,,6,,USA,"Dramat, Kryminał",2013-4-24
574,535756,Niepamięć,Oblivion,2013,tak,9,,USA,"Akcja, Sci-Fi",2013-4-20
575,638502,It's Such a Beautiful Day,,2011,tak,8,,USA,"Animacja, Komedia, Krótkometrażowy",2013-4-19
576,208687,1408,,2007,,6,,USA,Horror,2013-3-22
577,202908,Labirynt fauna,El laberinto del fauno,2006,tak,8,,"Hiszpania, Meksyk, USA","Dramat, Fantasy",2013-2-24
578,1085,Blue Velvet,,1986,,8,,USA,Thriller,2012-10-19
579,216910,Inland Empire,,2006,,8,,"Francja, Polska, USA","Fantasy, Thriller",2012-7-10
580,1084,Dzikość serca,Wild at Heart,1990,,8,,USA,"Kryminał, Romans",2012-7-10
581,564694,Róża,,2011,tak,9,,Polska,Dramat,2012-7-10
582,530950,Wszystkie odloty Cheyenne'a,This Must Be the Place,2011,tak,9,,"Francja, Irlandia, Włochy","Dramat, Komedia",2012-3-30
583,629035,Kac Wawa,,2011,,1,,Polska,Komedia,2012-3-7
584,9136,Requiem dla snu,Requiem for a Dream,2000,tak,7,,USA,Dramat,2012-1-11
585,200092,Krwawy diament,Blood Diamond,2006,,6,,"Niemcy, USA",Dramat,2012-1-11
586,231725,Wszyscy jesteśmy Chrystusami,,2006,,8,,Polska,Dramat,2012-1-11
587,92697,Skeczu z papugą nie będzie,Parrot Sketch Not Included: Twenty Years of Monty Python,1989,,8,,Wielka Brytania,Komedia,2012-1-11
588,1253,Fargo,,1996,tak,9,,"USA, Wielka Brytania","Dramat, Thriller",2011-7-31
589,120033,Kontrolerzy,Kontroll,2003,,5,,Węgry,"Dramat, Komedia",2011-7-13
590,7,Angielski pacjent,The English Patient,1996,tak,8,,"USA, Wielka Brytania","Melodramat, Wojenny",2011-7-13
591,470384,Dom zły,,2009,tak,8,,Polska,"Dramat, Kryminał",2011-7-13
592,1416,Straszny film,Scary Movie,2000,,5,,USA,Komedia,2011-7-13
593,95938,Gothika,,2003,,6,,USA,"Horror, Psychologiczny",2011-7-13
594,444424,I Love You Phillip Morris,,2009,,6,,"Francja, USA","Biograficzny, Dramat, Komedia",2011-7-5
595,450915,Jestem na tak,Yes Man,2008,,7,,"Australia, USA",Komedia rom.,2011-7-5
596,671,Leon zawodowiec,Léon,1994,,8,,Francja,"Dramat, Kryminał",2011-7-5
597,1456,Zmierzch bogów,La caduta degli dei (Götterdämmerung),1969,tak,8,,"Włochy, RFN","Dramat, Wojenny",2011-7-5
598,461946,Zapaśnik,The Wrestler,2008,,8,,"Francja, USA","Dramat obyczajowy, Sportowy",2011-7-5
599,765,Happiness,,1998,tak,8,,USA,"Dramat, Komedia, Obyczajowy",2011-7-4
600,526137,Czarny łabędź,Black Swan,2010,,7,,USA,"Dramat, Psychologiczny",2011-6-12
601,8335,Omen,The Omen,1976,,8,,"USA, Wielka Brytania",Horror,2011-6-12
602,1046,Taksówkarz,Taxi Driver,1976,tak,8,,USA,Dramat,2011-1-15
603,990,Underground,,1995,tak,9,,"Czechy, Francja, Niemcy, Węgry, Bułgaria, Fed. Rep. Jugosławii","Dramat, Komedia, Wojenny",2011-1-14
604,426062,Sherlock Holmes,,2009,,5,,"Niemcy, USA","Kryminał, Przygodowy",2011-1-14
605,465818,Alicja w Krainie Czarów,Alice in Wonderland,2010,,6,,USA,"Familijny, Fantasy, Przygodowy",2011-1-14
606,123312,Ratatuj,Ratatouille,2007,,4,,USA,"Animacja, Familijny, Komedia",2011-1-14
607,33404,Shrek 2,,2004,,5,,USA,"Animacja, Familijny, Komedia",2011-1-4
608,1065,Władca Pierścieni: Drużyna Pierścienia,The Lord of the Rings: The Fellowship of the Ring,2001,,6,,"Nowa Zelandia, USA","Fantasy, Przygodowy",2011-1-4
609,31451,Władca Pierścieni: Dwie wieże,The Lord of the Rings: The Two Towers,2002,,6,,"Nowa Zelandia, USA","Fantasy, Przygodowy",2011-1-4
610,464256,Wyspa tajemnic,Shutter Island,2010,,9,,USA,"Dramat, Thriller",2011-1-4
611,107535,Madagaskar,Madagascar,2005,,8,,USA,"Animacja, Familijny",2011-1-4
612,163597,300,,2006,,6,,USA,Dramat historyczny,2011-1-4
613,8625,Pełny magazynek,Full Metal Jacket,1987,tak,9,,"USA, Wielka Brytania","Dramat, Wojenny",2010-8-28
614,500891,Incepcja,Inception,2010,,4,,"USA, Wielka Brytania","Surrealistyczny, Thriller, Sci-Fi",2010-8-18
615,347567,Młot,The Hammer,2007,,7,,USA,"Komedia, Sportowy",2010-8-3
616,6883,Królowa Margot,La reine Margot,1994,tak,9,,"Francja, Niemcy, Włochy",Dramat historyczny,2010-8-3
617,30641,"My, dzieci z dworca Zoo",Christiane F. - Wir Kinder vom Bahnhof Zoo,1981,,9,,RFN,Dramat obyczajowy,2010-8-3
618,279930,Kolejny gejowski film,Another Gay Movie,2006,,2,,USA,Komedia,2010-8-1
619,236351,Mroczny Rycerz,The Dark Knight,2008,,9,,"USA, Wielka Brytania","Akcja, Sci-Fi",2010-7-29
620,99445,Iniemamocni,The Incredibles,2004,,4,,USA,"Animacja, Familijny, Komedia, Akcja",2010-6-19
621,225408,Czerwony Kapturek - Prawdziwa historia,Hoodwinked!,2005,,6,,USA,"Animacja, Familijny, Komedia",2010-6-19
622,35176,Skok przez płot,Over the Hedge,2006,,7,,USA,"Animacja, Familijny",2010-6-19
623,620,Wyspa doktora Moreau,The Island of Dr. Moreau,1996,,8,,USA,"Thriller, Sci-Fi",2010-6-18
624,34773,Katedra,,2002,,7,,Polska,"Animacja, Krótkometrażowy",2010-6-9
625,11398,Upadek,Falling Down,1993,tak,9,,"Francja, USA, Wielka Brytania",Thriller,2010-6-9
626,9509,Shrek,,2001,,8,,USA,"Animacja, Familijny, Komedia",2010-6-9
627,5188,Drabina Jakubowa,Jacob's Ladder,1990,,4,,USA,"Thriller, Psychologiczny",2010-6-9
628,208,Życie jest piękne,La vita è bella,1997,tak,10,,Włochy,"Dramat, Komedia, Wojenny",2010-6-9
629,4713,Coś,The Thing,1982,,8,,USA,"Horror, Sci-Fi",2010-6-9
630,467482,Biała wstążka,Das Weisse Band - Eine deutsche Kindergeschichte,2009,,7,,"Austria, Francja, Niemcy, Włochy",Dramat,2010-6-9
631,53,Funny Games,,1997,tak,9,,Austria,Dramat,2010-6-9
632,628,Matrix,The Matrix,1999,,8,,"Australia, USA","Akcja, Sci-Fi",2010-6-9
633,239166,Aż poleje się krew,There Will Be Blood,2007,,7,,USA,Dramat obyczajowy,2010-6-9
634,1301,Skrzypek na dachu,Fiddler on the Roof,1971,,8,,USA,"Dramat, Musical",2010-6-9
635,11841,Władca Pierścieni: Powrót króla,The Lord of the Rings: The Return of the King,2003,,6,,"Nowa Zelandia, USA","Fantasy, Przygodowy",2010-6-9
636,1060,Ostatnie kuszenie Chrystusa,The Last Temptation of Christ,1988,tak,10,,"Kanada, USA","Dramat, Religijny",2010-6-5
637,311861,Wściekłe pięści Węża,,2006,,7,,Polska,"Komedia, Akcja",2010-6-4
638,389424,"Sarnie żniwo, czyli pokusa statuetkowego szlaku",,2006,,6,,Polska,"Komedia, Sensacyjny",2010-6-4
639,260505,Książę Persji: Piaski czasu,Prince of Persia: The Sands of Time,2010,,6,,USA,"Fantasy, Przygodowy",2010-6-3
640,681,Nic śmiesznego,,1995,,8,,Polska,"Dramat, Komedia",2010-6-2
641,441997,Rock'N'Rolla,RocknRolla,2008,,7,,Wielka Brytania,Kryminał,2010-6-2
642,452679,Poznaj moich Spartan,Meet the Spartans,2008,,3,,USA,Komedia,2010-6-2
643,470442,Generał Nil,,2009,,5,,Polska,"Biograficzny, Wojenny",2010-6-2
644,430428,Surogaci,Surrogates,2009,,5,,USA,"Thriller, Sci-Fi",2010-6-2
645,732,Bardzo dziki Zachód,Wild Wild West,1999,,5,,USA,"Komedia, Western, Akcja",2010-6-2
646,227672,Hot Fuzz - Ostre psy,Hot Fuzz,2007,,8,,"Francja, Wielka Brytania",Komedia kryminalna,2010-6-2
647,11752,Wodny świat,Waterworld,1995,,6,,USA,"Przygodowy, Sci-Fi",2010-6-2
648,115059,Oldboy,Oldeuboi,2003,,8,,Korea Południowa,Thriller,2010-6-2
649,699,Sara,,1997,,6,,Polska,"Sensacyjny, Romans",2010-6-2
650,31508,Potwory i spółka,"Monsters, Inc.",2001,,5,,USA,"Animacja, Familijny, Komedia",2010-6-2
651,1192,Tato,,1995,,9,,Polska,Dramat obyczajowy,2010-6-2
652,99829,Hellboy,,2004,,4,,USA,"Fantasy, Akcja",2010-6-2
653,32383,xXx,,2002,,3,,USA,Akcja,2010-6-2
654,1010,Top Gun,,1986,,6,,USA,"Sensacyjny, Romans",2010-6-2
655,34246,Rybki z ferajny,Shark Tale,2004,,5,,USA,"Animacja, Familijny, Komedia",2010-6-2
656,114960,The Grudge - Klątwa,The Grudge,2004,,7,,"Japonia, USA",Horror,2010-6-2
657,424416,Walkiria,Valkyrie,2008,,6,,"Niemcy, USA","Biograficzny, Dramat historyczny",2010-6-2
658,1001,Mission: Impossible,,1996,,5,,USA,Sensacyjny,2010-6-2
659,137,Ogniem i mieczem,,1999,,7,,Polska,"Historyczny, Przygodowy",2010-6-2
660,107555,Obcy kontra Predator,AVP: Alien vs. Predator,2004,,5,,"Czechy, Kanada, Niemcy, USA, Wielka Brytania","Akcja, Sci-Fi",2010-6-2
661,1272,Szklana pułapka 3,Die Hard: With a Vengeance,1995,,5,,USA,Sensacyjny,2010-6-2
662,260173,Numer 23,The Number 23,2007,,8,,USA,Thriller,2010-6-2
663,534,Marsjanie atakują!,Mars Attacks!,1996,,3,,USA,"Sci-Fi, Czarna komedia",2010-6-2
664,33027,Terminator 3: Bunt maszyn,Terminator 3: Rise of the Machines,2003,,6,,"Niemcy, USA, Wielka Brytania","Akcja, Sci-Fi",2010-6-2
665,108083,Królestwo niebieskie,Kingdom of Heaven,2005,,3,,"Hiszpania, Niemcy, USA, Wielka Brytania, Maroko",Dramat historyczny,2010-6-2
666,5507,Faceci w czerni,Men in Black,1997,,5,,USA,"Komedia, Sci-Fi",2010-6-2
667,5289,Dzień Niepodległości,Independence Day,1996,,3,,USA,"Akcja, Sci-Fi",2010-6-2
668,106112,Epoka lodowcowa 2: Odwilż,Ice Age 2: The Meltdown,2006,,6,,USA,"Animacja, Komedia, Przygodowy",2010-6-2
669,33996,Matrix Rewolucje,The Matrix Revolutions,2003,,7,,"Australia, USA","Akcja, Sci-Fi",2010-6-2
670,9641,Sok z żuka,Beetle Juice,1988,,6,,USA,"Fantasy, Czarna komedia",2010-6-1
671,125973,Shrek Trzeci,Shrek the Third,2007,,5,,USA,"Animacja, Familijny, Komedia",2010-6-1
672,525892,Galerianki,,2009,,8,,Polska,Dramat obyczajowy,2010-6-1
673,234006,Max Payne,,2008,,2,,"Kanada, USA","Kryminał, Akcja",2010-6-1
674,624,Zagubiona autostrada,Lost Highway,1997,tak,9,,"Francja, USA","Dramat, Kryminał, Thriller",2010-6-1
675,1236,Co gryzie Gilberta Grape'a,What's Eating Gilbert Grape,1993,tak,9,,USA,Dramat,2010-6-1
676,998,Forrest Gump,,1994,tak,9,,USA,"Dramat, Komedia",2010-6-1
677,96128,Szklana pułapka 4.0,Live Free or Die Hard,2007,,4,,"USA, Wielka Brytania",Sensacyjny,2010-6-1
678,32362,"Złap mnie, jeśli potrafisz",Catch Me If You Can,2002,,6,,"Kanada, USA",Komedia kryminalna,2010-6-1
679,6721,Kevin sam w domu,Home Alone,1990,,5,,USA,"Familijny, Komedia",2010-6-1
680,291383,"Borat: Podpatrzone w Ameryce, aby Kazachstan rósł w siłę, a ludzie żyli dostatniej",Borat: Cultural Learnings of America for Make Benefit Glorious Nation of Kazakhstan,2006,,6,,USA,Komedia,2010-6-1
681,9695,Spider-Man,,2002,,4,,USA,"Akcja, Sci-Fi",2010-6-1
682,399328,WALL·E,,2008,,5,,USA,"Animacja, Familijny, Sci-Fi",2010-6-1
683,103997,Skarb narodów,National Treasure,2004,,3,,USA,Przygodowy,2010-6-1
684,107101,Constantine,,2005,,4,,"Niemcy, USA","Fantasy, Thriller",2010-6-1
685,95892,Straszny film 3,Scary Movie 3,2003,,3,,"Kanada, USA",Komedia,2010-6-1
686,30768,Żandarm z St. Tropez,Le Gendarme de Saint-Tropez,1964,,6,,"Francja, Włochy",Komedia kryminalna,2010-6-1
687,911,Human Traffic,,1999,tak,8,,"Irlandia, Wielka Brytania",Obyczajowy,2010-6-1
688,1169,"Poszukiwany, poszukiwana",,1972,,5,,Polska,Komedia,2010-6-1
689,4812,"Cześć, Tereska",,2001,tak,8,,Polska,"Dramat, Psychologiczny",2010-6-1
690,1288,Gandhi,,1982,,4,,"Indie, Wielka Brytania","Biograficzny, Dramat",2010-6-1
691,8774,Polowanie na Czerwony Październik,The Hunt for Red October,1990,,5,,USA,Sensacyjny,2010-6-1
692,30428,Frida,,2002,tak,8,,"Kanada, Meksyk, USA","Biograficzny, Dramat",2010-6-1
693,896,Miś,,1980,,5,,Polska,Komedia,2010-6-1
694,30648,Straszny film 2,Scary Movie 2,2001,,4,,"Kanada, USA",Komedia,2010-6-1
695,312016,Testosteron,,2007,,5,,Polska,Komedia,2010-6-1
696,538,Między piekłem a niebem,What Dreams May Come,1998,,8,,"Nowa Zelandia, USA","Fantasy, Melodramat",2010-6-1
697,1008,Rain Man,,1988,tak,9,,USA,"Dramat, Komedia",2010-6-1
698,468296,Slumdog. Milioner z ulicy,Slumdog Millionaire,2008,,6,,Wielka Brytania,Dramat,2010-6-1
699,7961,Młodzi gniewni,Dangerous Minds,1995,tak,8,,USA,"Biograficzny, Dramat",2010-6-1
700,31413,Dzień świra,,2002,tak,10,,Polska,"Dramat, Komedia, Psychologiczny",2010-6-1
701,547,Gwiezdne wojny: Część VI - Powrót Jedi,Star Wars: Episode VI - Return of the Jedi,1983,,3,,USA,"Przygodowy, Sci-Fi",2010-6-1
702,525,Gwiezdne wojny: Część V - Imperium kontratakuje,Star Wars: Episode V - The Empire Strikes Back,1980,,3,,USA,"Przygodowy, Sci-Fi",2010-6-1
703,1214,Indiana Jones i Świątynia Zagłady,Indiana Jones and the Temple of Doom,1984,,7,,USA,Przygodowy,2010-6-1
704,5982,Gwiezdne wojny: Część III - Zemsta Sithów,Star Wars: Episode III - Revenge of the Sith,2005,,5,,USA,"Przygodowy, Sci-Fi",2010-6-1
705,520,Gwiezdne wojny: Część I - Mroczne widmo,Star Wars: Episode I - The Phantom Menace,1999,,5,,USA,"Przygodowy, Sci-Fi",2010-6-1
706,759,Gwiezdne wojny: Część IV - Nowa nadzieja,Star Wars,1977,,4,,USA,"Przygodowy, Sci-Fi",2010-6-1
707,33392,Indiana Jones i Królestwo Kryształowej Czaszki,Indiana Jones and the Kingdom of the Crystal Skull,2008,,5,,USA,Przygodowy,2010-6-1
708,1216,Poszukiwacze zaginionej Arki,Raiders of the Lost Ark,1981,,8,,USA,Przygodowy,2010-6-1
709,31419,Helikopter w ogniu,Black Hawk Down,2001,,8,,"USA, Wielka Brytania","Dramat, Wojenny",2010-6-1
710,5421,Wróg u bram,Enemy at the Gates,2001,,6,,"Irlandia, Niemcy, USA, Wielka Brytania","Dramat, Wojenny",2010-6-1
711,106376,Batman - Początek,Batman Begins,2005,,7,,"USA, Wielka Brytania","Akcja, Sci-Fi",2010-6-1
712,1104,Dziecko Rosemary,Rosemary's Baby,1968,tak,9,,USA,"Horror, Psychologiczny",2010-6-1
713,1013,Dracula,,1992,,8,,USA,Horror,2010-6-1
714,5994,Głupi i głupszy,Dumb & Dumber,1994,,5,,USA,Komedia,2010-6-1
715,1298,Patton,,1970,,5,,USA,"Biograficzny, Dramat, Wojenny",2010-6-1
716,1109,Matnia,Cul-de-sac,1966,,7,,Wielka Brytania,"Dramat, Komedia",2010-6-1
717,107404,Piraci z Karaibów: Skrzynia umarlaka,Pirates of the Caribbean: Dead Man's Chest,2006,,5,,USA,"Fantasy, Przygodowy",2010-6-1
718,3690,Ace Ventura: Psi detektyw,Ace Ventura: Pet Detective,1994,,7,,USA,Komedia,2010-6-1
719,121760,Piraci z Karaibów: Na krańcu świata,Pirates of the Caribbean: At World's End,2007,,5,,USA,"Fantasy, Przygodowy",2010-6-1
720,1221,Imperium Słońca,Empire of the Sun,1987,,6,,USA,"Dramat, Wojenny",2010-6-1
721,37309,Piraci z Karaibów: Klątwa Czarnej Perły,Pirates of the Caribbean: The Curse of the Black Pearl,2003,,5,,USA,"Fantasy, Przygodowy",2010-6-1
722,825,Szósty zmysł,The Sixth Sense,1999,,4,,USA,Thriller,2010-6-1
723,1049,Urodzeni mordercy,Natural Born Killers,1994,,7,,USA,"Dramat, Thriller, Romans",2010-6-1
724,1007,Urodzony 4 lipca,Born on the Fourth of July,1989,tak,9,,USA,"Biograficzny, Dramat",2010-6-1
725,187,Titanic,,1997,,8,,USA,"Melodramat, Katastroficzny",2010-6-1
726,994,Obcy - decydujące starcie,Aliens,1986,,6,,USA,"Horror, Sci-Fi",2010-6-1
727,179,Szeregowiec Ryan,Saving Private Ryan,1998,,3,,USA,"Dramat, Wojenny",2010-6-1
728,1019,Lot nad kukułczym gniazdem,One Flew Over the Cuckoo's Nest,1975,tak,9,,USA,"Dramat, Psychologiczny",2010-6-1
729,9063,Rambo: Pierwsza krew,First Blood,1982,,9,,USA,"Dramat, Akcja",2010-6-1
730,1213,Indiana Jones i ostatnia krucjata,Indiana Jones and the Last Crusade,1989,,5,,USA,Przygodowy,2010-6-1
731,36,Desperado,,1995,,5,,USA,"Akcja, Gangsterski",2010-6-1
732,401060,Grindhouse: Planet Terror,Planet Terror,2007,,5,,USA,"Horror, Akcja",2010-6-1
733,8825,Powrót do przyszłości III,Back to the Future Part III,1990,,6,,USA,"Komedia, Przygodowy, Sci-Fi",2010-6-1
734,8824,Powrót do przyszłości II,Back to the Future Part II,1989,,6,,USA,"Komedia, Przygodowy, Sci-Fi",2010-6-1
735,8823,Powrót do przyszłości,Back to the Future,1985,,6,,USA,"Komedia, Przygodowy, Sci-Fi",2010-6-1
736,551,Skandalista Larry Flynt,The People vs. Larry Flynt,1996,,8,,USA,"Biograficzny, Dramat",2010-6-1
737,105575,Kill Bill 2,Kill Bill: Vol. 2,2004,,5,,USA,"Thriller, Akcja",2010-6-1
738,1024,Batman,,1989,,8,,"USA, Wielka Brytania","Akcja, Sci-Fi",2010-6-1
739,992,Terminator 2: Dzień sądu,Terminator 2: Judgment Day,1991,,6,,"Francja, USA","Akcja, Sci-Fi",2010-6-1
740,11843,Wściekłe psy,Reservoir Dogs,1992,,6,,USA,"Thriller, Gangsterski",2010-6-1
741,1502,Hannibal,,2001,,5,,"USA, Wielka Brytania",Thriller,2010-6-1
742,9191,Rocky 2,Rocky II,1979,,8,,USA,"Dramat, Sportowy",2010-6-1
743,1087,Człowiek słoń,The Elephant Man,1980,,9,,USA,"Biograficzny, Dramat",2010-6-1
744,1237,Misery,,1990,,7,,USA,Thriller,2010-6-1
745,5185,"Doktor Strangelove, lub jak przestałem się martwić i pokochałem bombę",Dr. Strangelove or: How I Learned to Stop Worrying and Love the Bomb,1964,,8,,"USA, Wielka Brytania",Satyra,2010-6-1
746,1100,Sens życia wg Monty Pythona,The Meaning of Life,1983,,7,,Wielka Brytania,Komedia,2010-6-1
747,193460,Beowulf,,2007,,8,,USA,"Animacja, Fantasy, Przygodowy",2010-6-1
748,865,Niebiańska plaża,The Beach,2000,,6,,"USA, Wielka Brytania","Dramat, Przygodowy, Thriller",2010-6-1
749,38601,Teksańska masakra piłą mechaniczną,The Texas Chainsaw Massacre,2003,,1,,USA,Horror,2010-6-1
750,32049,Fanatyk,The Believer,2001,,8,,USA,Dramat,2010-6-1
751,15,Blade - Wieczny łowca,Blade,1998,,4,,USA,"Horror, Akcja",2010-6-1
752,466637,Transporter 3,,2008,,2,,"Francja, USA, Wielka Brytania",Akcja,2010-6-1
753,630,Pan Tadeusz,,1999,,3,,"Francja, Polska","Dramat, Kostiumowy",2010-6-1
754,231549,Simpsonowie: Wersja kinowa,The Simpsons Movie,2007,tak,8,,USA,"Animacja, Komedia, Przygodowy",2010-6-1
755,219806,John Rambo,Rambo,2008,,7,,"Niemcy, USA",Akcja,2010-6-1
756,777,Cube,,1997,tak,9,,Kanada,"Thriller, Sci-Fi",2010-6-1
757,5778,Gangi Nowego Jorku,Gangs of New York,2002,,5,,"USA, Włochy","Dramat, Kostiumowy, Gangsterski",2010-6-1
758,298581,Wojna polsko-ruska,,2009,,8,,Polska,Dramat,2010-6-1
759,8866,Predator,,1987,,8,,USA,"Akcja, Sci-Fi",2010-6-1
760,847,Blair Witch Project,The Blair Witch Project,1999,,8,,USA,"Horror, Dokumentalizowany",2010-6-1
761,781,Dług,,1999,tak,9,,Polska,"Dramat, Psychologiczny",2010-6-1
762,1099,Żywot Briana,Life of Brian,1979,tak,8,,Wielka Brytania,Komedia,2010-6-1
763,169179,Underworld: Evolution,,2006,,4,,"Kanada, USA, Węgry","Horror, Akcja",2010-6-1
764,9190,Rocky,,1976,tak,9,,USA,"Dramat, Sportowy",2010-6-1
765,32358,8 Mila,8 Mile,2002,,7,,"Niemcy, USA","Biograficzny, Dramat obyczajowy, Muzyczny",2010-6-1
766,1096,Monty Python i Święty Graal,Monty Python and the Holy Grail,1975,tak,10,,Wielka Brytania,"Komedia, Kostiumowy, Przygodowy",2010-6-1
767,110751,King Kong,,2005,,7,,"Niemcy, Nowa Zelandia, USA","Fantasy, Melodramat, Przygodowy",2010-6-1
768,31741,Resident Evil,,2002,,3,,"Francja, Niemcy, USA, Wielka Brytania","Horror, Akcja",2010-6-1
769,1045,Łowca jeleni,The Deer Hunter,1978,,8,,"USA, Wielka Brytania","Dramat, Wojenny",2010-6-1
770,1319,Imię róży,Der Name der Rose,1986,tak,9,,"Francja, Włochy, RFN",Kryminał,2010-6-1
771,772,Las Vegas Parano,Fear and Loathing in Las Vegas,1998,,7,,USA,"Dramat, Surrealistyczny, Komedia",2010-6-1
772,30808,Stalker,,1979,tak,9,,ZSRR,"Sci-Fi, Dramat obyczajowy",2010-6-1
773,3673,A.I. Sztuczna inteligencja,Artificial Intelligence: AI,2001,,6,,USA,"Dramat, Sci-Fi",2010-6-1
774,11726,Dirty Dancing,,1987,tak,9,,USA,"Melodramat, Muzyczny",2010-6-1
775,1222,Filadelfia,Philadelphia,1993,tak,9,,USA,Dramat,2010-6-1
776,1270,Szklana pułapka,Die Hard,1988,,8,,USA,Sensacyjny,2010-6-1
777,95492,"Ja, robot","I, Robot",2004,,4,,"Niemcy, USA","Thriller, Sci-Fi",2010-6-1
778,995,Terminator,The Terminator,1984,,9,,"USA, Wielka Brytania","Akcja, Sci-Fi",2010-6-1
779,180040,V jak Vendetta,V for Vendetta,2005,,4,,"Niemcy, USA, Wielka Brytania","Thriller, Sci-Fi",2010-6-1
780,461432,Parnassus,The Imaginarium of Doctor Parnassus,2009,tak,9,,"Francja, Kanada, Wielka Brytania","Fantasy, Przygodowy",2010-6-1
781,1212,Park Jurajski,Jurassic Park,1993,,8,,USA,"Przygodowy, Sci-Fi",2010-6-1
782,259289,To nie jest kraj dla starych ludzi,No Country for Old Men,2007,,6,,USA,"Dramat, Thriller",2010-6-1
783,1092,Czas Apokalipsy,Apocalypse Now,1979,tak,9,,USA,"Dramat, Wojenny",2010-6-1
784,10701,Inni,The Others,2001,,8,,"Francja, Hiszpania, USA, Włochy",Thriller,2010-6-1
785,127272,Wyspa,The Island,2005,,6,,USA,"Akcja, Sci-Fi",2010-6-1
786,34888,Pojutrze,The Day After Tomorrow,2004,,2,,USA,"Sci-Fi, Katastroficzny",2010-6-1
787,7585,Maska,The Mask,1994,,8,,USA,"Fantasy, Komedia",2010-6-1
788,38233,Pasja,The Passion of the Christ,2004,,5,,USA,"Dramat, Biblijny",2010-6-1
789,10682,Dziewiąte wrota,The Ninth Gate,1999,,6,,"Francja, Hiszpania, USA","Dramat, Horror, Kryminał",2010-6-1
790,7738,Raport mniejszości,Minority Report,2002,,6,,USA,"Thriller, Sci-Fi",2010-6-1
791,30630,Mulholland Drive,Mulholland Dr.,2001,,8,,"Francja, USA","Dramat, Thriller",2010-6-1
792,104541,Charlie i fabryka czekolady,Charlie and the Chocolate Factory,2005,,8,,"USA, Wielka Brytania","Familijny, Fantasy",2010-6-1
793,1458,2001: Odyseja kosmiczna,2001: A Space Odyssey,1968,,10,,"USA, Wielka Brytania",Sci-Fi,2010-6-1
794,219933,Grindhouse: Death Proof,Death Proof,2007,,5,,USA,"Thriller, Akcja",2010-6-1
795,137747,Bękarty wojny,Inglourious Basterds,2009,,5,,"Niemcy, USA",Wojenny,2010-6-1
796,5347,Ed Wood,,1994,,9,,USA,"Biograficzny, Dramat, Komedia",2010-6-1
797,862,Zielona mila,The Green Mile,1999,,7,,USA,Dramat,2010-6-1
798,1275,Mechaniczna pomarańcza,A Clockwork Orange,1971,tak,9,,"USA, Wielka Brytania","Dramat, Sci-Fi",2010-6-1
799,32375,Equilibrium,,2002,tak,8,,USA,"Thriller, Sci-Fi",2010-6-1
800,127025,Wojna światów,War of the Worlds,2005,,3,,USA,"Dramat, Sci-Fi",2010-6-1
801,98823,Złe wychowanie,La Mala educación,2004,,7,,Hiszpania,"Dramat, Thriller",2010-6-1
802,758,Wszystko o mojej matce,Todo sobre mi madre,1999,tak,8,,"Francja, Hiszpania",Dramat,2010-6-1
803,118497,Gnijąca panna młoda,Corpse Bride,2005,tak,8,,"USA, Wielka Brytania","Animacja, Czarna komedia",2010-6-1
804,144,Piąty element,The Fifth Element,1997,,7,,Francja,"Akcja, Sci-Fi",2010-6-1
805,433913,2012,,2009,,2,,"Kanada, USA","Sci-Fi, Katastroficzny",2010-6-1
806,980,"Obcy - 8. pasażer ""Nostromo""",Alien,1979,tak,10,,"USA, Wielka Brytania","Horror, Sci-Fi",2010-6-1
807,1210,12 małp,Twelve Monkeys,1995,tak,9,,USA,"Dramat, Sci-Fi",2010-6-1
808,464478,Dystrykt 9,District 9,2009,tak,8,,"Kanada, Nowa Zelandia, RPA, USA","Dramat, Sci-Fi",2010-6-1
809,9,Armageddon,,1998,,3,,USA,Katastroficzny,2010-6-1
810,4833,Człowiek z blizną,Scarface,1983,tak,8,,USA,"Dramat, Gangsterski",2010-6-1
811,5158,Donnie Darko,,2001,tak,9,,USA,Dramat,2010-6-1
812,30633,Więzień nienawiści,American History X,1998,tak,8,,USA,Dramat,2010-6-1
813,116327,Tajemnica Brokeback Mountain,Brokeback Mountain,2005,tak,8,,"Kanada, USA",Melodramat,2010-6-1
814,203657,Iluzjonista,The Illusionist,2006,tak,8,,"Czechy, USA","Fantasy, Kostiumowy",2010-6-1
815,191945,Sweeney Todd: Demoniczny golibroda z Fleet Street,Sweeney Todd: The Demon Barber of Fleet Street,2007,tak,8,,"USA, Wielka Brytania","Musical, Thriller",2010-6-1
816,844,Jeździec bez głowy,Sleepy Hollow,1999,,8,,"Niemcy, USA",Horror,2010-6-1
817,121413,Piła,Saw,2004,,5,,"Australia, USA",Horror,2010-6-1
818,124119,Hooligans,,2005,,7,,"USA, Wielka Brytania",Dramat,2010-6-1
819,32014,Epoka lodowcowa,Ice Age,2002,,6,,USA,"Animacja, Komedia, Przygodowy",2010-6-1
820,37889,Bruce Wszechmogący,Bruce Almighty,2003,,6,,USA,"Fantasy, Komedia",2010-6-1
821,1020,Lśnienie,The Shining,1980,tak,9,,"USA, Wielka Brytania",Horror,2010-6-1
822,459974,Siedem dusz,Seven Pounds,2008,,6,,USA,Dramat,2010-6-1
823,487211,Kac Vegas,The Hangover,2009,,5,,"Niemcy, USA",Komedia,2010-6-1
824,33200,Kill Bill,Kill Bill: Vol. 1,2003,,7,,USA,"Thriller, Akcja",2010-6-1
825,6878,Król Lew,The Lion King,1994,tak,10,,USA,"Animacja, Familijny",2010-6-1
826,124613,Kod da Vinci,The Da Vinci Code,2006,,5,,"Francja, USA, Wielka Brytania, Malta",Thriller,2010-6-1
827,189,Truman Show,The Truman Show,1998,tak,9,,USA,"Dramat, Komedia, Sci-Fi",2010-6-1
828,2,Adwokat diabła,The Devil's Advocate,1997,tak,8,,"Niemcy, USA",Thriller,2010-6-1
829,1002,Wywiad z wampirem,Interview with the Vampire: The Vampire Chronicles,1994,tak,9,,USA,"Dramat, Horror",2010-6-1
830,217801,Jestem legendą,I Am Legend,2007,,4,,"Australia, USA","Horror, Sci-Fi",2010-6-1
831,112584,Sin City - Miasto grzechu,Sin City,2005,tak,8,,USA,Kryminał,2010-6-1
832,1163,Seksmisja,,1983,tak,9,,Polska,"Komedia, Sci-Fi",2010-6-1
833,9182,Rob Roy,,1995,tak,9,,"USA, Wielka Brytania","Biograficzny, Romans, Dramat historyczny",2010-6-1
834,5355,Edward Nożycoręki,Edward Scissorhands,1990,tak,9,,USA,"Dramat, Fantasy",2010-6-1
835,1052,Braveheart - Waleczne Serce,Braveheart,1995,,4,,USA,Dramat historyczny,2010-6-1
836,845,Pi,,1998,tak,9,,USA,"Dramat, Thriller",2010-6-1
837,836,American Beauty,,1999,tak,9,,USA,"Dramat, Komedia",2010-6-1
838,1047,Milczenie owiec,The Silence of the Lambs,1991,,8,,USA,Thriller,2010-6-1
839,702,Siedem,Se7en,1995,,8,,USA,"Kryminał, Thriller",2010-6-1
840,40252,Efekt motyla,The Butterfly Effect,2004,,7,,"Kanada, USA","Thriller, Sci-Fi",2010-6-1
841,837,Podziemny krąg,Fight Club,1999,,7,,"Niemcy, USA","Thriller, Psychologiczny",2010-6-1
842,9683,Spartakus,Spartacus,1960,,8,,USA,"Biograficzny, Dramat historyczny",2010-6-1
843,936,Gladiator,,2000,,3,,"USA, Wielka Brytania",Dramat historyczny,2010-6-1
844,1039,Pulp Fiction,,1994,tak,9,,USA,Gangsterski,2010-6-1
845,299113,Avatar,,2009,,7,,"USA, Wielka Brytania",Sci-Fi,2010-6-1
846,734,Łowca androidów,Blade Runner,1982,tak,9,,"Hongkong, USA, Wielka Brytania","Thriller, Sci-Fi",2010-6-1
847,1305,Nieśmiertelny,Highlander,1986,tak,10,,"USA, Wielka Brytania",Fantasy,2010-6-1
848,480036,"Co nas kręci, co nas podnieca",Whatever Works,2009,,8,,"Francja, USA",Komedia obycz.,2010-6-1
849,7540,Manhattan,,1979,tak,9,,USA,Komedia obycz.,2010-6-1
850,4041,Bananowy czubek,Bananas,1971,,8,,USA,Komedia,2010-6-1
851,119885,Film o pszczołach,Bee Movie,2007,,6,,USA,"Animacja, Komedia",2010-6-1
852,1048,Skazani na Shawshank,The Shawshank Redemption,1994,,6,,USA,Dramat,2010-6-1
853,271498,Piła III,Saw III,2006,,1,,"Kanada, USA",Horror,
